user_id,age,gender,city,register_date,user_level
U00001,21,男,一线城市,2025-05-17,3
U00002,27,女,三线及以下,2024-03-14,6
U00003,55,男,二线城市,2026-09-10,2
U00004,48,男,一线城市,2025-02-22,4
U00005,19,女,一线城市,2026-09-10,3
U00006,27,女,新一线城市,2023-12-20,0
U00007,34,男,一线城市,2025-12-10,4
U00008,20,女,三线及以下,2026-08-25,0
U00009,23,女,三线及以下,2026-09-10,4
U00010,18,男,二线城市,2026-09-10,6
U00011,20,男,一线城市,2026-04-05,2
U00012,37,男,二线城市,2024-09-24,1
U00013,37,男,二线城市,2025-04-01,0
U00014,19,男,新一线城市,2026-04-10,2
U00015,21,女,二线城市,2026-06-18,5
U00016,47,男,新一线城市,2025-05-18,3
U00017,23,女,新一线城市,2025-01-09,4
U00018,30,女,二线城市,2024-09-02,3
U00019,26,男,三线及以下,2026-05-24,0
U00020,33,女,二线城市,2024-02-14,2
U00021,39,男,新一线城市,2025-07-11,2
U00022,25,女,二线城市,2025-05-27,6
U00023,31,女,二线城市,2026-07-22,4
U00024,24,男,三线及以下,2024-05-06,0
U00025,31,男,一线城市,2026-05-22,1
U00026,31,男,二线城市,2025-10-05,3
U00027,23,男,二线城市,2026-09-09,2
U00028,24,男,三线及以下,2025-04-13,5
U00029,34,男,一线城市,2026-09-04,2
U00030,24,男,新一线城市,2026-03-28,6
U00031,19,女,二线城市,2025-12-05,3
U00032,32,男,二线城市,2026-07-11,2
U00033,19,男,二线城市,2025-04-12,2
U00034,33,男,二线城市,2025-03-01,5
U00035,53,男,三线及以下,2025-12-22,5
U00036,23,女,二线城市,2024-06-27,0
U00037,31,男,三线及以下,2026-05-11,2
U00038,20,女,二线城市,2024-02-13,3
U00039,25,男,新一线城市,2026-06-10,2
U00040,18,男,新一线城市,2025-01-22,2
U00041,19,女,新一线城市,2025-05-04,4
U00042,39,男,三线及以下,2026-09-10,4
U00043,28,男,二线城市,2025-11-18,5
U00044,23,男,二线城市,2026-08-22,3
U00045,27,女,二线城市,2023-11-11,6
U00046,27,男,二线城市,2025-10-04,4
U00047,33,男,二线城市,2024-11-25,5
U00048,28,女,一线城市,2026-09-10,6
U00049,28,女,一线城市,2025-07-30,5
U00050,55,男,三线及以下,2025-04-14,4
U00051,37,女,一线城市,2026-07-03,2
U00052,41,男,一线城市,2025-08-06,4
U00053,33,女,二线城市,2025-10-04,3
U00054,28,女,新一线城市,2026-07-02,3
U00055,19,男,一线城市,2025-03-10,1
U00056,55,女,二线城市,2026-05-07,1
U00057,27,男,二线城市,2025-07-29,4
U00058,29,男,新一线城市,2026-08-29,3
U00059,24,女,新一线城市,2024-01-06,1
U00060,25,女,三线及以下,2024-04-25,4
U00061,20,女,新一线城市,2026-02-09,6
U00062,31,女,三线及以下,2026-01-02,5
U00063,31,女,一线城市,2026-03-02,2
U00064,31,男,三线及以下,2025-12-22,6
U00065,38,男,二线城市,2026-08-20,0
U00066,19,男,二线城市,2026-09-08,5
U00067,33,女,一线城市,2025-03-13,6
U00068,31,女,新一线城市,2026-09-06,3
U00069,29,男,三线及以下,2026-01-18,4
U00070,30,女,新一线城市,2025-09-20,4
U00071,28,女,二线城市,2024-11-24,1
U00072,43,女,一线城市,2026-04-20,4
U00073,36,女,新一线城市,2025-11-29,6
U00074,27,女,三线及以下,2024-04-14,3
U00075,42,女,新一线城市,2025-07-25,0
U00076,19,男,新一线城市,2024-06-23,4
U00077,38,女,三线及以下,2026-06-14,1
U00078,27,男,二线城市,2025-01-05,2
U00079,24,男,新一线城市,2024-07-01,5
U00080,18,男,三线及以下,2026-06-11,2
U00081,30,男,三线及以下,2025-12-28,5
U00082,40,男,二线城市,2026-04-23,3
U00083,29,男,一线城市,2024-07-13,4
U00084,38,女,一线城市,2025-08-14,6
U00085,18,女,新一线城市,2026-03-29,3
U00086,18,女,一线城市,2024-06-28,0
U00087,20,女,新一线城市,2024-03-10,1
U00088,23,女,二线城市,2024-06-03,1
U00089,48,女,一线城市,2025-11-13,5
U00090,23,女,二线城市,2026-08-11,2
U00091,42,男,二线城市,2026-08-14,1
U00092,24,女,一线城市,2026-08-29,3
U00093,40,男,三线及以下,2026-04-24,0
U00094,52,女,新一线城市,2026-06-09,1
U00095,41,女,三线及以下,2024-12-21,1
U00096,37,女,三线及以下,2024-01-18,1
U00097,20,女,新一线城市,2025-11-25,2
U00098,28,女,二线城市,2025-01-25,5
U00099,24,女,一线城市,2026-06-21,4
U00100,32,女,三线及以下,2026-09-06,5
U00101,25,女,二线城市,2024-01-09,1
U00102,20,女,三线及以下,2024-08-12,2
U00103,53,男,三线及以下,2026-08-31,4
U00104,29,男,一线城市,2025-12-27,4
U00105,19,女,新一线城市,2025-06-13,2
U00106,22,女,三线及以下,2025-08-14,4
U00107,25,女,新一线城市,2024-01-19,2
U00108,21,女,新一线城市,2024-03-09,2
U00109,30,男,二线城市,2026-03-21,3
U00110,33,女,一线城市,2026-08-22,3
U00111,24,男,三线及以下,2025-05-21,5
U00112,30,男,新一线城市,2025-06-01,1
U00113,28,女,一线城市,2024-04-08,4
U00114,41,女,三线及以下,2026-05-19,4
U00115,34,女,新一线城市,2026-05-01,2
U00116,35,女,新一线城市,2024-06-19,5
U00117,38,男,二线城市,2025-12-07,0
U00118,27,女,一线城市,2026-05-09,3
U00119,27,男,三线及以下,2026-07-29,3
U00120,41,女,新一线城市,2026-03-01,5
U00121,47,男,一线城市,2025-02-13,4
U00122,20,女,一线城市,2025-11-05,5
U00123,30,男,三线及以下,2025-04-10,0
U00124,25,男,一线城市,2026-07-29,4
U00125,36,男,一线城市,2026-09-10,3
U00126,20,男,三线及以下,2026-03-11,0
U00127,19,男,一线城市,2026-08-23,3
U00128,33,女,新一线城市,2025-12-31,6
U00129,46,男,一线城市,2025-04-04,4
U00130,22,男,二线城市,2026-08-27,3
U00131,18,男,新一线城市,2025-08-20,3
U00132,38,男,二线城市,2025-09-01,0
U00133,31,女,新一线城市,2026-03-27,2
U00134,27,女,一线城市,2025-11-19,5
U00135,32,女,三线及以下,2026-02-23,4
U00136,18,女,三线及以下,2026-03-06,3
U00137,32,男,三线及以下,2026-07-23,1
U00138,29,男,新一线城市,2025-12-29,2
U00139,22,男,三线及以下,2026-09-06,4
U00140,40,男,新一线城市,2024-04-22,5
U00141,28,女,三线及以下,2026-05-07,5
U00142,27,男,新一线城市,2026-08-17,4
U00143,23,男,新一线城市,2025-02-07,2
U00144,22,女,三线及以下,2025-03-19,5
U00145,32,男,新一线城市,2024-02-10,4
U00146,18,男,一线城市,2026-09-07,0
U00147,50,男,二线城市,2026-06-13,5
U00148,46,女,三线及以下,2024-02-08,3
U00149,23,女,三线及以下,2026-09-10,3
U00150,31,男,一线城市,2025-03-13,3
U00151,23,男,新一线城市,2023-10-18,2
U00152,33,女,新一线城市,2026-08-12,3
U00153,21,男,新一线城市,2025-01-06,3
U00154,35,女,二线城市,2026-07-31,0
U00155,33,男,新一线城市,2025-09-06,0
U00156,30,女,二线城市,2026-07-25,0
U00157,34,女,二线城市,2024-12-03,2
U00158,38,男,新一线城市,2026-08-10,0
U00159,30,男,三线及以下,2025-08-02,1
U00160,51,男,二线城市,2025-05-03,6
U00161,20,男,三线及以下,2024-03-01,5
U00162,24,女,三线及以下,2025-09-11,2
U00163,28,男,一线城市,2024-05-03,3
U00164,24,男,新一线城市,2026-05-30,4
U00165,38,男,三线及以下,2023-11-15,2
U00166,28,男,二线城市,2025-12-30,5
U00167,20,男,新一线城市,2026-05-14,3
U00168,29,女,一线城市,2026-09-01,2
U00169,18,女,一线城市,2024-09-19,6
U00170,51,女,新一线城市,2024-12-09,5
U00171,41,男,二线城市,2025-12-24,0
U00172,55,女,一线城市,2025-09-13,5
U00173,49,女,二线城市,2026-09-03,2
U00174,36,女,一线城市,2024-08-15,3
U00175,29,男,三线及以下,2026-09-02,5
U00176,31,男,一线城市,2024-05-30,3
U00177,26,男,三线及以下,2024-08-24,3
U00178,40,男,新一线城市,2026-07-30,6
U00179,19,男,新一线城市,2026-07-25,2
U00180,55,女,一线城市,2026-05-16,0
U00181,20,女,新一线城市,2024-06-03,1
U00182,22,男,三线及以下,2025-08-02,2
U00183,21,男,三线及以下,2025-09-22,3
U00184,24,男,一线城市,2026-02-23,6
U00185,24,女,一线城市,2026-05-31,3
U00186,34,女,三线及以下,2026-06-04,3
U00187,29,女,新一线城市,2024-12-20,3
U00188,18,男,三线及以下,2026-01-11,0
U00189,43,男,一线城市,2024-08-28,5
U00190,30,男,一线城市,2025-01-12,2
U00191,24,男,一线城市,2025-04-11,4
U00192,43,女,二线城市,2026-02-03,5
U00193,24,男,一线城市,2026-08-12,3
U00194,55,女,一线城市,2026-07-20,4
U00195,27,男,新一线城市,2026-08-15,6
U00196,20,女,新一线城市,2025-10-04,4
U00197,38,女,三线及以下,2025-02-28,5
U00198,39,男,一线城市,2024-01-25,3
U00199,22,男,二线城市,2024-06-14,2
U00200,36,女,一线城市,2026-08-15,0
U00201,33,女,一线城市,2025-12-26,3
U00202,37,男,三线及以下,2024-09-19,3
U00203,34,女,三线及以下,2026-07-19,1
U00204,22,男,一线城市,2023-10-23,2
U00205,24,男,三线及以下,2026-06-16,3
U00206,23,女,新一线城市,2025-04-03,5
U00207,49,男,一线城市,2026-05-19,0
U00208,35,女,三线及以下,2026-03-23,1
U00209,25,女,新一线城市,2026-09-09,4
U00210,35,男,二线城市,2026-08-16,4
U00211,28,女,二线城市,2026-05-24,4
U00212,39,男,新一线城市,2026-06-24,4
U00213,33,女,三线及以下,2024-04-27,1
U00214,37,男,一线城市,2026-06-21,2
U00215,19,女,二线城市,2025-03-26,0
U00216,47,男,三线及以下,2025-10-30,3
U00217,21,男,二线城市,2024-09-10,4
U00218,24,女,一线城市,2025-09-01,2
U00219,34,男,新一线城市,2026-06-28,4
U00220,31,男,新一线城市,2024-07-06,3
U00221,19,女,三线及以下,2026-04-15,5
U00222,37,男,新一线城市,2026-09-09,2
U00223,19,女,一线城市,2026-02-21,5
U00224,33,男,一线城市,2024-12-15,6
U00225,36,男,一线城市,2025-05-31,2
U00226,25,男,新一线城市,2026-07-03,0
U00227,46,女,三线及以下,2026-07-19,4
U00228,18,女,二线城市,2025-10-14,5
U00229,41,男,三线及以下,2024-05-17,1
U00230,28,男,新一线城市,2026-04-19,6
U00231,39,男,新一线城市,2025-03-01,6
U00232,33,男,一线城市,2023-12-22,5
U00233,38,女,新一线城市,2024-05-10,3
U00234,52,男,二线城市,2026-09-10,5
U00235,46,男,三线及以下,2024-02-25,4
U00236,38,男,新一线城市,2025-10-14,3
U00237,32,女,新一线城市,2025-04-07,5
U00238,48,男,二线城市,2024-09-14,4
U00239,39,女,一线城市,2026-07-16,2
U00240,19,男,新一线城市,2026-09-04,5
U00241,36,男,一线城市,2026-09-05,2
U00242,28,男,一线城市,2024-11-04,1
U00243,21,男,三线及以下,2025-09-06,4
U00244,42,女,三线及以下,2026-02-04,2
U00245,29,女,三线及以下,2026-09-10,5
U00246,19,女,二线城市,2025-09-07,2
U00247,40,女,一线城市,2026-02-27,5
U00248,35,女,三线及以下,2023-10-09,2
U00249,24,男,二线城市,2026-07-08,2
U00250,25,女,二线城市,2026-06-04,3
U00251,34,男,二线城市,2023-12-30,3
U00252,34,女,新一线城市,2025-12-03,0
U00253,24,男,三线及以下,2026-04-24,2
U00254,40,男,二线城市,2025-08-22,1
U00255,24,女,二线城市,2026-09-02,4
U00256,20,女,二线城市,2026-08-25,2
U00257,45,男,三线及以下,2026-02-04,2
U00258,20,女,一线城市,2026-07-12,1
U00259,33,男,新一线城市,2026-08-03,3
U00260,30,男,新一线城市,2025-09-26,5
U00261,24,女,三线及以下,2023-10-12,2
U00262,22,女,新一线城市,2025-07-10,1
U00263,23,男,三线及以下,2026-03-03,4
U00264,25,女,新一线城市,2026-01-19,6
U00265,24,男,一线城市,2023-11-27,0
U00266,36,女,二线城市,2024-10-20,2
U00267,23,男,三线及以下,2025-08-07,3
U00268,26,女,三线及以下,2025-04-07,2
U00269,46,女,三线及以下,2026-06-05,2
U00270,25,女,一线城市,2025-12-01,3
U00271,34,男,一线城市,2024-09-16,1
U00272,25,男,一线城市,2026-08-11,1
U00273,45,男,二线城市,2024-08-09,1
U00274,21,男,二线城市,2026-06-09,0
U00275,26,女,一线城市,2023-11-30,3
U00276,22,女,二线城市,2026-08-30,3
U00277,29,男,新一线城市,2026-09-10,3
U00278,22,女,一线城市,2025-05-22,6
U00279,26,男,新一线城市,2025-06-22,1
U00280,29,女,二线城市,2026-05-21,4
U00281,38,女,新一线城市,2025-08-25,4
U00282,31,男,一线城市,2026-02-19,3
U00283,34,男,一线城市,2026-07-11,4
U00284,49,男,三线及以下,2023-09-14,3
U00285,26,男,三线及以下,2026-08-31,0
U00286,34,男,三线及以下,2024-09-28,3
U00287,38,女,新一线城市,2026-08-05,5
U00288,36,男,二线城市,2026-06-28,2
U00289,25,女,二线城市,2026-05-25,3
U00290,38,男,二线城市,2025-08-16,4
U00291,24,男,新一线城市,2026-04-13,1
U00292,52,男,新一线城市,2026-09-10,0
U00293,25,男,二线城市,2026-08-30,5
U00294,29,男,一线城市,2026-08-28,3
U00295,36,女,二线城市,2026-07-18,3
U00296,53,女,三线及以下,2024-02-19,1
U00297,26,女,一线城市,2026-01-08,2
U00298,42,男,新一线城市,2024-05-08,1
U00299,36,男,二线城市,2025-10-10,5
U00300,51,女,新一线城市,2026-09-01,0
U00301,18,女,新一线城市,2025-01-06,2
U00302,45,男,新一线城市,2025-03-26,1
U00303,19,女,二线城市,2026-09-10,2
U00304,19,男,三线及以下,2026-09-10,0
U00305,18,女,二线城市,2024-03-06,6
U00306,19,男,新一线城市,2024-10-10,1
U00307,29,女,新一线城市,2026-04-11,1
U00308,37,女,一线城市,2024-03-25,1
U00309,21,男,二线城市,2024-12-24,3
U00310,33,女,二线城市,2025-08-22,2
U00311,18,女,二线城市,2024-05-11,2
U00312,35,女,二线城市,2026-04-27,4
U00313,37,女,一线城市,2026-07-10,4
U00314,26,女,二线城市,2024-11-14,2
U00315,47,男,新一线城市,2026-03-12,3
U00316,38,男,新一线城市,2025-04-04,3
U00317,38,女,二线城市,2026-07-13,4
U00318,26,女,新一线城市,2024-05-25,4
U00319,36,男,二线城市,2026-08-27,1
U00320,44,男,三线及以下,2024-03-18,3
U00321,33,女,三线及以下,2026-04-19,3
U00322,27,男,一线城市,2025-12-07,2
U00323,19,女,二线城市,2026-09-10,6
U00324,27,男,一线城市,2024-11-30,3
U00325,39,男,一线城市,2024-12-03,6
U00326,38,男,二线城市,2024-07-16,3
U00327,23,女,三线及以下,2026-07-07,4
U00328,23,男,一线城市,2023-12-03,1
U00329,31,男,二线城市,2026-04-08,3
U00330,26,男,一线城市,2026-03-23,5
U00331,47,男,一线城市,2025-11-14,5
U00332,22,女,一线城市,2024-04-17,3
U00333,33,男,新一线城市,2025-01-15,4
U00334,35,男,二线城市,2026-06-25,5
U00335,46,女,一线城市,2024-04-29,1
U00336,38,男,新一线城市,2025-06-18,4
U00337,25,女,三线及以下,2025-03-16,0
U00338,21,男,新一线城市,2026-08-21,2
U00339,25,女,一线城市,2026-02-04,3
U00340,22,男,二线城市,2026-07-18,5
U00341,20,男,新一线城市,2026-08-13,3
U00342,20,男,二线城市,2026-04-13,3
U00343,36,女,一线城市,2026-09-04,6
U00344,24,男,二线城市,2026-03-19,6
U00345,24,男,一线城市,2025-12-09,2
U00346,47,男,二线城市,2026-09-10,5
U00347,32,男,一线城市,2024-12-09,3
U00348,27,男,新一线城市,2025-03-22,1
U00349,20,女,新一线城市,2024-12-05,1
U00350,40,男,三线及以下,2026-08-30,3
U00351,32,女,新一线城市,2024-06-30,3
U00352,38,男,新一线城市,2026-07-27,2
U00353,31,男,三线及以下,2026-06-09,4
U00354,19,女,一线城市,2025-08-26,6
U00355,36,男,一线城市,2026-01-02,1
U00356,30,女,二线城市,2026-04-20,3
U00357,37,女,三线及以下,2026-08-03,6
U00358,27,男,新一线城市,2026-09-10,0
U00359,22,男,三线及以下,2026-08-17,4
U00360,22,男,新一线城市,2024-02-24,6
U00361,45,女,三线及以下,2025-03-08,4
U00362,28,女,二线城市,2024-08-06,3
U00363,31,女,二线城市,2025-07-25,3
U00364,28,男,三线及以下,2026-08-23,1
U00365,19,男,三线及以下,2024-03-09,5
U00366,27,女,新一线城市,2025-02-08,1
U00367,34,男,新一线城市,2025-03-10,4
U00368,26,男,三线及以下,2024-07-22,4
U00369,28,女,二线城市,2025-12-29,5
U00370,18,男,三线及以下,2026-08-27,4
U00371,36,男,一线城市,2026-07-23,5
U00372,23,女,一线城市,2026-09-09,4
U00373,36,女,三线及以下,2025-05-12,3
U00374,29,男,三线及以下,2025-09-03,2
U00375,18,男,一线城市,2024-11-04,3
U00376,28,女,二线城市,2024-06-08,1
U00377,30,女,一线城市,2026-09-10,1
U00378,31,女,一线城市,2025-10-28,1
U00379,25,女,一线城市,2025-01-17,3
U00380,21,男,一线城市,2023-09-24,2
U00381,41,男,三线及以下,2026-01-05,3
U00382,47,女,三线及以下,2026-09-05,0
U00383,37,男,三线及以下,2025-04-04,4
U00384,20,男,一线城市,2025-08-30,5
U00385,24,男,一线城市,2023-10-31,0
U00386,24,女,三线及以下,2026-08-21,5
U00387,36,男,二线城市,2024-04-09,3
U00388,41,男,新一线城市,2026-08-09,3
U00389,44,女,新一线城市,2026-09-08,2
U00390,31,男,一线城市,2026-05-02,4
U00391,34,男,一线城市,2026-08-13,3
U00392,52,女,一线城市,2026-07-07,6
U00393,35,男,二线城市,2026-09-01,4
U00394,28,男,一线城市,2025-01-08,2
U00395,25,女,二线城市,2026-08-16,2
U00396,18,女,三线及以下,2026-09-10,3
U00397,45,男,二线城市,2026-01-20,6
U00398,43,男,一线城市,2026-05-11,4
U00399,40,男,二线城市,2024-11-17,3
U00400,30,女,一线城市,2026-07-02,4
U00401,25,女,新一线城市,2025-06-28,5
U00402,21,女,二线城市,2026-08-18,5
U00403,47,男,二线城市,2026-09-10,3
U00404,25,女,新一线城市,2024-06-19,4
U00405,24,女,新一线城市,2026-06-12,4
U00406,18,女,二线城市,2024-01-20,5
U00407,25,男,三线及以下,2026-05-13,4
U00408,52,男,二线城市,2026-09-09,6
U00409,22,女,三线及以下,2026-05-19,3
U00410,29,女,三线及以下,2026-04-19,4
U00411,38,女,一线城市,2023-12-01,3
U00412,34,男,一线城市,2025-11-27,6
U00413,33,女,二线城市,2026-09-01,2
U00414,24,女,三线及以下,2026-08-19,2
U00415,33,女,一线城市,2026-08-24,5
U00416,26,男,新一线城市,2026-07-23,3
U00417,18,男,一线城市,2024-03-12,3
U00418,31,女,三线及以下,2026-03-28,2
U00419,28,女,二线城市,2024-10-14,2
U00420,40,男,二线城市,2023-12-17,5
U00421,40,男,一线城市,2026-02-14,2
U00422,20,男,新一线城市,2026-07-17,3
U00423,48,男,新一线城市,2026-04-10,5
U00424,38,女,新一线城市,2026-06-26,5
U00425,25,男,二线城市,2026-08-31,1
U00426,31,女,新一线城市,2025-11-17,5
U00427,34,女,新一线城市,2025-01-28,0
U00428,27,女,三线及以下,2026-03-12,4
U00429,18,男,一线城市,2024-06-15,4
U00430,21,女,三线及以下,2023-09-28,5
U00431,22,女,二线城市,2026-07-13,2
U00432,24,男,二线城市,2025-09-08,3
U00433,21,男,一线城市,2026-09-04,4
U00434,19,女,二线城市,2026-05-06,3
U00435,30,女,三线及以下,2026-03-16,0
U00436,26,男,三线及以下,2024-01-14,5
U00437,26,男,三线及以下,2025-04-30,1
U00438,23,女,新一线城市,2025-07-22,4
U00439,24,女,三线及以下,2024-12-31,4
U00440,39,男,新一线城市,2025-05-23,3
U00441,29,男,三线及以下,2024-08-15,3
U00442,23,男,新一线城市,2026-06-08,1
U00443,39,男,三线及以下,2026-09-10,4
U00444,25,男,三线及以下,2025-05-15,6
U00445,33,女,二线城市,2026-05-18,2
U00446,18,男,二线城市,2026-09-10,5
U00447,19,男,二线城市,2026-09-10,1
U00448,24,男,新一线城市,2025-12-04,5
U00449,27,男,一线城市,2024-03-10,1
U00450,20,女,二线城市,2026-06-10,0
U00451,28,女,新一线城市,2026-08-08,1
U00452,24,女,新一线城市,2025-11-30,5
U00453,23,女,一线城市,2026-07-07,4
U00454,37,男,新一线城市,2026-08-19,5
U00455,39,男,二线城市,2024-10-17,3
U00456,44,男,新一线城市,2024-02-07,1
U00457,27,男,一线城市,2024-09-07,1
U00458,26,女,二线城市,2023-12-13,6
U00459,29,女,二线城市,2024-09-14,5
U00460,20,男,二线城市,2026-05-03,5
U00461,49,男,三线及以下,2025-02-02,2
U00462,31,男,新一线城市,2024-08-06,4
U00463,27,女,一线城市,2025-10-08,0
U00464,53,男,一线城市,2025-05-19,3
U00465,21,男,新一线城市,2026-06-11,1
U00466,29,男,新一线城市,2024-05-21,3
U00467,27,男,三线及以下,2025-05-14,3
U00468,24,女,一线城市,2024-12-29,4
U00469,28,女,三线及以下,2026-09-06,4
U00470,30,女,新一线城市,2026-08-04,1
U00471,37,女,新一线城市,2024-02-11,2
U00472,38,女,新一线城市,2025-08-23,5
U00473,52,男,新一线城市,2026-09-02,1
U00474,29,女,新一线城市,2026-09-10,1
U00475,25,女,二线城市,2025-11-24,2
U00476,26,男,一线城市,2026-09-06,1
U00477,31,男,新一线城市,2025-03-04,0
U00478,24,男,新一线城市,2026-07-19,0
U00479,31,男,二线城市,2026-06-15,5
U00480,35,男,新一线城市,2026-09-10,3
U00481,27,男,新一线城市,2026-06-25,4
U00482,38,女,二线城市,2024-10-08,5
U00483,39,女,新一线城市,2025-01-21,0
U00484,33,女,新一线城市,2024-06-20,0
U00485,24,男,一线城市,2026-04-24,4
U00486,44,男,新一线城市,2026-08-30,1
U00487,35,男,二线城市,2024-02-25,3
U00488,32,女,一线城市,2025-05-22,1
U00489,20,女,二线城市,2026-09-10,4
U00490,26,男,新一线城市,2024-03-16,1
U00491,24,女,新一线城市,2025-11-15,2
U00492,23,男,一线城市,2025-01-18,2
U00493,18,女,新一线城市,2024-12-17,4
U00494,24,男,新一线城市,2025-12-29,3
U00495,21,男,三线及以下,2025-03-05,3
U00496,31,女,三线及以下,2025-11-04,1
U00497,26,女,新一线城市,2026-01-31,2
U00498,32,男,一线城市,2026-09-03,0
U00499,21,女,新一线城市,2026-09-10,4
U00500,43,女,二线城市,2024-04-15,5
U00501,35,女,三线及以下,2026-08-22,4
U00502,25,男,一线城市,2023-10-03,2
U00503,19,男,一线城市,2026-08-31,5
U00504,31,女,一线城市,2026-05-13,0
U00505,20,女,一线城市,2026-05-04,3
U00506,27,女,三线及以下,2026-05-06,4
U00507,29,男,三线及以下,2025-11-03,2
U00508,31,女,三线及以下,2024-12-11,0
U00509,48,男,新一线城市,2026-06-12,1
U00510,24,男,新一线城市,2026-09-08,3
U00511,23,男,二线城市,2026-05-08,2
U00512,22,女,新一线城市,2026-06-21,3
U00513,47,女,三线及以下,2025-12-31,5
U00514,24,男,二线城市,2026-06-06,3
U00515,32,女,三线及以下,2025-03-12,4
U00516,47,男,新一线城市,2026-01-17,3
U00517,28,男,二线城市,2024-06-01,3
U00518,43,男,二线城市,2026-02-11,6
U00519,19,女,二线城市,2024-11-21,2
U00520,20,男,二线城市,2026-02-28,2
U00521,34,男,新一线城市,2026-07-01,1
U00522,33,女,新一线城市,2026-02-02,2
U00523,28,男,新一线城市,2026-03-30,3
U00524,28,女,二线城市,2026-09-04,2
U00525,24,男,一线城市,2025-10-25,5
U00526,19,女,新一线城市,2024-06-01,0
U00527,32,男,一线城市,2026-02-14,3
U00528,36,男,新一线城市,2026-09-03,2
U00529,32,男,三线及以下,2025-05-05,5
U00530,19,女,一线城市,2026-03-03,4
U00531,21,女,一线城市,2025-01-23,2
U00532,26,男,新一线城市,2025-07-04,3
U00533,44,男,一线城市,2026-08-02,5
U00534,31,男,新一线城市,2024-05-07,4
U00535,31,男,新一线城市,2025-12-03,5
U00536,29,女,三线及以下,2025-01-22,0
U00537,35,女,三线及以下,2026-09-10,5
U00538,35,男,一线城市,2024-03-22,1
U00539,28,女,一线城市,2026-08-10,3
U00540,20,男,二线城市,2024-04-27,1
U00541,32,男,一线城市,2023-12-29,5
U00542,33,男,三线及以下,2024-02-16,1
U00543,32,女,新一线城市,2026-08-27,1
U00544,29,女,新一线城市,2026-09-10,2
U00545,38,女,新一线城市,2024-09-19,5
U00546,24,女,二线城市,2025-06-02,3
U00547,19,男,新一线城市,2026-04-24,3
U00548,50,女,一线城市,2025-10-25,2
U00549,28,女,三线及以下,2026-09-02,3
U00550,22,男,三线及以下,2026-09-02,4
U00551,24,男,新一线城市,2023-12-25,5
U00552,23,女,一线城市,2024-06-11,2
U00553,29,男,新一线城市,2024-02-28,1
U00554,22,男,三线及以下,2024-02-26,5
U00555,32,男,二线城市,2025-12-08,2
U00556,18,男,新一线城市,2025-08-20,5
U00557,29,女,二线城市,2025-06-15,3
U00558,26,男,三线及以下,2025-08-21,3
U00559,35,女,新一线城市,2026-06-26,2
U00560,25,女,三线及以下,2026-06-24,3
U00561,22,女,二线城市,2024-03-28,0
U00562,20,女,二线城市,2026-03-12,2
U00563,22,男,一线城市,2026-05-02,2
U00564,52,男,三线及以下,2025-05-03,5
U00565,27,男,新一线城市,2025-08-08,6
U00566,54,男,三线及以下,2026-07-15,4
U00567,27,女,三线及以下,2026-09-10,2
U00568,19,女,新一线城市,2025-12-23,4
U00569,33,女,一线城市,2025-01-24,2
U00570,21,女,二线城市,2023-11-09,2
U00571,38,男,二线城市,2024-12-18,4
U00572,20,男,一线城市,2025-11-13,5
U00573,20,女,一线城市,2024-12-15,4
U00574,31,女,二线城市,2026-01-07,2
U00575,33,女,二线城市,2026-08-17,2
U00576,22,男,新一线城市,2025-09-12,2
U00577,51,男,三线及以下,2025-11-23,1
U00578,26,女,三线及以下,2026-04-19,6
U00579,32,女,二线城市,2026-01-22,4
U00580,19,男,新一线城市,2023-12-02,3
U00581,29,男,新一线城市,2025-11-22,3
U00582,28,女,二线城市,2026-07-24,4
U00583,31,女,三线及以下,2026-08-18,1
U00584,36,女,二线城市,2026-08-25,3
U00585,28,男,三线及以下,2026-08-09,2
U00586,51,女,新一线城市,2025-10-23,4
U00587,31,男,新一线城市,2026-04-13,3
U00588,36,男,三线及以下,2026-09-10,1
U00589,22,女,三线及以下,2025-05-01,4
U00590,21,男,二线城市,2025-09-03,5
U00591,30,女,新一线城市,2025-07-07,5
U00592,19,女,二线城市,2025-07-06,3
U00593,38,男,二线城市,2024-09-06,4
U00594,38,男,二线城市,2026-06-20,5
U00595,37,女,新一线城市,2026-08-29,3
U00596,27,女,一线城市,2024-01-11,4
U00597,29,男,一线城市,2025-02-07,3
U00598,23,男,一线城市,2023-09-13,1
U00599,36,男,新一线城市,2026-09-01,2
U00600,31,女,新一线城市,2025-07-08,0
U00601,26,男,新一线城市,2024-08-13,4
U00602,19,男,三线及以下,2024-03-04,5
U00603,18,男,二线城市,2026-06-14,3
U00604,24,男,二线城市,2026-09-01,3
U00605,33,男,新一线城市,2024-12-04,0
U00606,29,男,新一线城市,2024-01-22,0
U00607,55,女,三线及以下,2026-08-10,1
U00608,21,女,三线及以下,2026-07-07,0
U00609,26,男,一线城市,2025-11-09,2
U00610,47,男,一线城市,2026-06-17,2
U00611,34,男,二线城市,2024-08-16,6
U00612,29,女,二线城市,2023-12-02,2
U00613,28,男,一线城市,2026-08-16,1
U00614,24,男,三线及以下,2026-01-16,0
U00615,30,女,三线及以下,2025-03-14,1
U00616,20,男,二线城市,2026-01-04,4
U00617,38,女,新一线城市,2023-10-23,2
U00618,27,女,一线城市,2025-08-08,2
U00619,29,男,三线及以下,2026-08-29,3
U00620,27,女,三线及以下,2024-08-12,3
U00621,33,男,一线城市,2025-12-07,4
U00622,39,男,新一线城市,2025-10-11,5
U00623,29,男,新一线城市,2025-09-14,4
U00624,34,女,新一线城市,2024-02-06,5
U00625,31,男,三线及以下,2025-12-28,3
U00626,31,男,一线城市,2023-12-22,3
U00627,21,男,三线及以下,2025-05-15,5
U00628,21,男,新一线城市,2025-09-21,3
U00629,25,男,二线城市,2024-10-15,5
U00630,40,男,三线及以下,2025-07-02,4
U00631,46,男,一线城市,2026-05-02,1
U00632,23,女,二线城市,2025-10-22,2
U00633,24,男,三线及以下,2024-12-22,2
U00634,21,男,新一线城市,2024-10-09,6
U00635,20,男,二线城市,2026-04-20,2
U00636,27,女,新一线城市,2024-11-01,5
U00637,30,女,三线及以下,2026-03-04,2
U00638,29,男,新一线城市,2024-06-09,6
U00639,47,男,一线城市,2024-08-08,2
U00640,27,女,一线城市,2026-02-01,3
U00641,25,女,三线及以下,2025-09-05,3
U00642,32,女,三线及以下,2026-03-18,0
U00643,20,男,新一线城市,2026-09-10,4
U00644,29,男,新一线城市,2026-08-02,1
U00645,19,男,一线城市,2024-11-02,1
U00646,31,男,三线及以下,2024-06-05,4
U00647,28,男,新一线城市,2024-12-06,3
U00648,40,女,二线城市,2024-05-22,3
U00649,38,男,三线及以下,2024-03-24,1
U00650,33,男,一线城市,2026-03-20,2
U00651,29,男,三线及以下,2026-09-09,2
U00652,29,女,二线城市,2026-03-28,0
U00653,31,男,新一线城市,2026-09-05,2
U00654,36,男,新一线城市,2025-12-21,1
U00655,19,男,新一线城市,2025-07-06,2
U00656,28,男,一线城市,2024-10-28,2
U00657,38,男,三线及以下,2024-06-07,5
U00658,34,男,新一线城市,2025-11-24,4
U00659,29,女,二线城市,2026-06-07,3
U00660,21,男,三线及以下,2026-06-17,1
U00661,20,女,新一线城市,2026-08-30,5
U00662,35,男,一线城市,2026-04-15,1
U00663,33,女,新一线城市,2026-05-22,0
U00664,24,女,一线城市,2026-03-19,6
U00665,32,男,新一线城市,2025-07-01,3
U00666,32,女,一线城市,2026-04-29,3
U00667,32,女,一线城市,2024-05-20,2
U00668,25,女,新一线城市,2025-02-26,4
U00669,23,女,二线城市,2024-05-18,5
U00670,24,男,二线城市,2026-04-21,1
U00671,30,女,二线城市,2025-12-30,2
U00672,20,男,新一线城市,2026-08-14,3
U00673,23,男,一线城市,2026-09-10,4
U00674,49,女,新一线城市,2025-10-19,3
U00675,53,男,新一线城市,2026-01-29,2
U00676,20,男,三线及以下,2025-04-27,2
U00677,30,男,新一线城市,2023-11-06,4
U00678,34,女,一线城市,2024-06-21,0
U00679,23,女,三线及以下,2023-10-08,3
U00680,25,男,二线城市,2024-08-25,2
U00681,39,男,新一线城市,2023-10-15,3
U00682,30,男,一线城市,2026-09-07,0
U00683,20,男,新一线城市,2026-02-17,3
U00684,18,女,二线城市,2025-12-01,5
U00685,22,男,一线城市,2025-09-09,3
U00686,39,女,三线及以下,2026-09-09,2
U00687,21,女,二线城市,2024-05-26,5
U00688,40,女,二线城市,2024-12-13,3
U00689,38,女,一线城市,2023-12-19,1
U00690,27,男,二线城市,2026-04-06,1
U00691,22,男,三线及以下,2024-02-07,5
U00692,36,女,二线城市,2024-03-23,2
U00693,23,男,三线及以下,2024-10-29,3
U00694,38,男,一线城市,2026-04-04,4
U00695,27,男,新一线城市,2025-08-08,3
U00696,18,女,三线及以下,2023-11-19,5
U00697,41,女,三线及以下,2025-09-21,4
U00698,24,男,新一线城市,2025-07-31,0
U00699,18,女,三线及以下,2026-04-12,3
U00700,28,女,二线城市,2026-09-10,2
U00701,54,男,新一线城市,2024-09-06,5
U00702,35,女,新一线城市,2026-05-21,2
U00703,24,女,一线城市,2026-04-23,2
U00704,45,男,二线城市,2026-03-07,2
U00705,36,男,一线城市,2025-09-13,5
U00706,31,女,三线及以下,2025-07-07,1
U00707,38,男,三线及以下,2025-10-28,2
U00708,46,女,二线城市,2026-04-04,2
U00709,24,男,新一线城市,2024-07-30,3
U00710,27,女,三线及以下,2024-07-30,4
U00711,52,女,一线城市,2025-11-17,4
U00712,30,男,新一线城市,2025-09-12,4
U00713,36,女,新一线城市,2026-01-12,4
U00714,21,女,一线城市,2024-06-24,2
U00715,37,男,三线及以下,2026-08-10,1
U00716,18,女,一线城市,2026-07-26,3
U00717,27,女,三线及以下,2026-08-18,3
U00718,19,女,新一线城市,2026-06-17,4
U00719,21,男,一线城市,2026-07-27,4
U00720,37,女,三线及以下,2026-05-11,5
U00721,41,男,二线城市,2026-09-09,6
U00722,32,男,二线城市,2026-05-15,3
U00723,22,男,一线城市,2025-11-22,0
U00724,23,男,三线及以下,2026-08-27,5
U00725,25,女,二线城市,2023-12-01,5
U00726,32,女,新一线城市,2025-07-18,5
U00727,42,男,二线城市,2026-06-15,5
U00728,36,男,三线及以下,2025-04-06,4
U00729,18,男,三线及以下,2023-09-23,1
U00730,30,男,新一线城市,2026-07-05,3
U00731,30,女,新一线城市,2026-05-22,4
U00732,20,女,二线城市,2024-10-26,5
U00733,30,女,新一线城市,2026-01-31,3
U00734,40,男,二线城市,2024-04-24,0
U00735,29,女,一线城市,2024-11-01,4
U00736,37,女,三线及以下,2025-09-24,1
U00737,34,女,二线城市,2026-06-27,5
U00738,29,男,三线及以下,2025-12-23,3
U00739,38,男,新一线城市,2025-09-28,2
U00740,23,男,三线及以下,2025-07-12,5
U00741,53,女,新一线城市,2026-09-09,4
U00742,40,男,一线城市,2023-10-03,5
U00743,37,女,新一线城市,2023-12-18,6
U00744,22,男,二线城市,2025-11-25,3
U00745,24,女,一线城市,2026-08-21,1
U00746,22,男,一线城市,2024-09-18,2
U00747,55,女,新一线城市,2026-09-05,4
U00748,23,男,二线城市,2026-04-13,2
U00749,19,男,新一线城市,2026-06-23,4
U00750,43,男,新一线城市,2026-07-11,1
U00751,39,男,新一线城市,2023-09-23,3
U00752,51,男,三线及以下,2024-12-09,2
U00753,41,女,三线及以下,2025-10-19,6
U00754,53,男,新一线城市,2026-02-16,2
U00755,31,男,二线城市,2026-09-06,5
U00756,40,男,三线及以下,2026-02-12,2
U00757,29,男,二线城市,2025-06-29,1
U00758,41,女,一线城市,2025-04-07,1
U00759,37,女,三线及以下,2026-05-09,6
U00760,22,男,二线城市,2024-06-27,3
U00761,19,男,三线及以下,2024-05-14,6
U00762,33,男,新一线城市,2026-01-12,2
U00763,25,男,新一线城市,2026-09-06,2
U00764,18,男,新一线城市,2026-08-23,2
U00765,33,男,三线及以下,2026-08-01,0
U00766,29,女,新一线城市,2025-03-29,3
U00767,24,女,二线城市,2026-07-12,3
U00768,19,男,一线城市,2025-07-31,1
U00769,25,男,三线及以下,2026-08-21,3
U00770,26,女,二线城市,2026-05-18,3
U00771,45,女,一线城市,2026-08-31,2
U00772,36,男,二线城市,2026-02-19,5
U00773,40,女,一线城市,2024-11-30,5
U00774,26,女,新一线城市,2023-10-27,3
U00775,28,男,二线城市,2025-10-17,6
U00776,30,女,新一线城市,2025-09-09,2
U00777,50,男,三线及以下,2026-05-25,3
U00778,19,女,一线城市,2025-02-19,1
U00779,24,男,三线及以下,2026-01-28,4
U00780,22,男,一线城市,2024-04-23,1
U00781,22,女,三线及以下,2026-07-07,1
U00782,39,男,新一线城市,2024-04-30,1
U00783,32,女,二线城市,2026-03-25,4
U00784,36,女,一线城市,2026-03-15,6
U00785,27,男,三线及以下,2026-09-08,5
U00786,40,男,新一线城市,2024-12-31,2
U00787,49,男,三线及以下,2024-09-12,1
U00788,41,女,二线城市,2025-10-13,5
U00789,50,女,二线城市,2024-02-10,3
U00790,20,男,新一线城市,2024-05-12,4
U00791,48,女,二线城市,2026-07-19,2
U00792,18,女,三线及以下,2026-08-04,3
U00793,29,女,新一线城市,2024-09-23,4
U00794,38,男,一线城市,2025-01-22,4
U00795,27,男,一线城市,2026-08-15,5
U00796,25,男,三线及以下,2026-07-07,1
U00797,20,女,新一线城市,2026-05-16,2
U00798,30,男,三线及以下,2026-07-24,4
U00799,34,女,三线及以下,2026-02-04,2
U00800,19,男,新一线城市,2026-09-09,2
U00801,25,女,二线城市,2026-08-11,0
U00802,30,女,二线城市,2025-02-11,1
U00803,22,女,二线城市,2026-03-25,2
U00804,22,女,新一线城市,2025-04-12,3
U00805,30,男,新一线城市,2025-10-02,4
U00806,37,女,三线及以下,2025-11-09,6
U00807,48,男,三线及以下,2025-12-16,1
U00808,44,女,新一线城市,2026-09-07,4
U00809,31,男,一线城市,2026-04-19,5
U00810,19,女,三线及以下,2025-04-14,1
U00811,21,女,一线城市,2023-12-26,3
U00812,27,女,二线城市,2026-03-17,3
U00813,40,男,一线城市,2023-12-04,5
U00814,39,男,三线及以下,2024-10-30,1
U00815,50,男,三线及以下,2025-04-04,2
U00816,38,女,新一线城市,2025-11-17,3
U00817,18,女,新一线城市,2026-01-02,4
U00818,30,男,一线城市,2024-10-07,1
U00819,18,男,二线城市,2025-06-14,0
U00820,25,女,一线城市,2026-07-26,6
U00821,22,男,三线及以下,2026-08-10,5
U00822,20,女,二线城市,2023-11-06,2
U00823,40,女,三线及以下,2023-09-26,2
U00824,32,女,一线城市,2026-01-08,2
U00825,30,女,新一线城市,2026-09-10,1
U00826,46,女,三线及以下,2026-01-10,3
U00827,39,男,三线及以下,2025-01-28,4
U00828,29,男,一线城市,2024-10-22,2
U00829,24,男,新一线城市,2026-07-15,3
U00830,23,女,新一线城市,2026-02-22,5
U00831,37,女,新一线城市,2024-10-24,5
U00832,18,女,新一线城市,2026-09-07,6
U00833,20,女,三线及以下,2025-10-11,5
U00834,25,女,一线城市,2025-04-27,5
U00835,21,男,一线城市,2026-07-28,0
U00836,18,男,二线城市,2024-12-22,4
U00837,20,男,一线城市,2026-09-09,2
U00838,24,女,一线城市,2025-09-19,2
U00839,23,女,一线城市,2026-08-20,3
U00840,55,男,二线城市,2024-09-20,2
U00841,51,女,新一线城市,2024-12-05,1
U00842,37,女,二线城市,2023-12-29,1
U00843,38,女,一线城市,2026-05-18,4
U00844,25,男,三线及以下,2025-09-24,2
U00845,18,女,二线城市,2026-08-23,3
U00846,31,女,一线城市,2024-09-26,5
U00847,30,男,三线及以下,2026-07-20,1
U00848,25,女,二线城市,2026-06-02,5
U00849,18,女,三线及以下,2026-07-10,6
U00850,25,男,一线城市,2024-11-25,4
U00851,38,女,三线及以下,2024-01-30,2
U00852,40,女,二线城市,2026-08-07,0
U00853,27,女,一线城市,2026-02-13,5
U00854,39,女,三线及以下,2026-06-14,4
U00855,54,男,二线城市,2026-04-21,2
U00856,18,女,三线及以下,2023-09-22,1
U00857,48,男,新一线城市,2026-06-20,3
U00858,18,女,新一线城市,2025-06-15,2
U00859,20,男,二线城市,2026-09-10,6
U00860,22,男,二线城市,2026-09-01,4
U00861,30,男,二线城市,2026-09-10,6
U00862,25,女,新一线城市,2026-05-13,1
U00863,32,男,一线城市,2026-09-08,2
U00864,28,男,三线及以下,2025-12-05,4
U00865,21,女,二线城市,2024-03-27,2
U00866,46,女,新一线城市,2026-05-28,2
U00867,22,女,三线及以下,2023-12-03,4
U00868,23,男,新一线城市,2025-06-18,2
U00869,22,女,三线及以下,2026-02-05,3
U00870,19,女,三线及以下,2025-10-06,3
U00871,39,女,二线城市,2024-01-25,1
U00872,27,女,一线城市,2024-12-03,3
U00873,25,男,三线及以下,2026-07-29,2
U00874,19,女,二线城市,2026-09-08,4
U00875,18,男,一线城市,2025-04-07,2
U00876,18,女,新一线城市,2024-05-11,5
U00877,29,女,二线城市,2024-10-03,4
U00878,22,男,二线城市,2025-08-27,6
U00879,25,女,三线及以下,2025-12-26,2
U00880,55,男,三线及以下,2025-08-13,4
U00881,44,女,二线城市,2025-03-15,5
U00882,31,女,二线城市,2026-07-30,4
U00883,27,女,一线城市,2025-10-15,2
U00884,23,女,新一线城市,2026-01-24,5
U00885,31,男,新一线城市,2025-05-20,0
U00886,32,女,二线城市,2026-02-02,6
U00887,26,男,三线及以下,2024-08-14,6
U00888,18,男,二线城市,2025-05-24,0
U00889,36,男,三线及以下,2026-08-13,4
U00890,36,男,一线城市,2024-02-23,3
U00891,19,男,一线城市,2026-08-28,4
U00892,23,男,二线城市,2025-11-18,5
U00893,36,女,一线城市,2026-07-13,5
U00894,20,女,二线城市,2026-04-18,3
U00895,28,男,三线及以下,2025-06-03,5
U00896,22,女,三线及以下,2024-08-13,2
U00897,30,男,三线及以下,2026-08-28,2
U00898,35,女,三线及以下,2025-05-07,0
U00899,30,女,新一线城市,2024-10-27,2
U00900,39,男,二线城市,2025-07-27,4
U00901,21,男,新一线城市,2026-09-10,2
U00902,29,女,一线城市,2026-08-24,2
U00903,33,男,三线及以下,2024-06-21,1
U00904,26,女,三线及以下,2026-07-06,2
U00905,35,男,新一线城市,2025-05-04,2
U00906,37,男,二线城市,2026-08-23,3
U00907,19,女,二线城市,2024-01-19,1
U00908,24,男,新一线城市,2025-02-03,3
U00909,51,男,新一线城市,2025-07-07,5
U00910,36,女,一线城市,2026-08-28,2
U00911,35,男,新一线城市,2026-02-17,1
U00912,28,女,二线城市,2026-07-02,3
U00913,49,女,三线及以下,2024-08-01,2
U00914,30,男,新一线城市,2026-01-19,3
U00915,22,女,新一线城市,2026-07-06,4
U00916,38,男,二线城市,2026-09-05,1
U00917,27,女,一线城市,2024-02-13,3
U00918,36,男,三线及以下,2026-05-04,1
U00919,24,男,三线及以下,2026-03-27,3
U00920,27,男,三线及以下,2025-04-05,0
U00921,23,女,一线城市,2026-08-30,6
U00922,36,男,二线城市,2026-05-01,2
U00923,30,男,三线及以下,2026-03-01,1
U00924,19,男,二线城市,2026-02-24,6
U00925,21,男,一线城市,2026-04-10,5
U00926,30,女,一线城市,2025-02-27,3
U00927,27,女,新一线城市,2024-05-04,2
U00928,54,女,二线城市,2025-10-14,6
U00929,27,男,二线城市,2025-08-28,4
U00930,25,女,一线城市,2024-05-26,5
U00931,46,男,三线及以下,2026-07-03,4
U00932,28,男,二线城市,2024-08-23,6
U00933,19,男,新一线城市,2026-08-16,6
U00934,31,男,三线及以下,2026-05-12,3
U00935,25,男,三线及以下,2024-01-30,1
U00936,25,女,二线城市,2025-02-28,0
U00937,31,男,新一线城市,2026-04-08,5
U00938,44,女,一线城市,2026-04-08,6
U00939,19,女,新一线城市,2026-05-20,1
U00940,38,女,新一线城市,2026-08-05,2
U00941,33,女,一线城市,2026-09-04,5
U00942,35,女,一线城市,2024-01-30,4
U00943,31,男,一线城市,2024-04-24,6
U00944,28,女,一线城市,2025-02-12,1
U00945,18,女,二线城市,2026-09-10,2
U00946,35,男,新一线城市,2025-11-02,6
U00947,37,女,一线城市,2026-09-06,3
U00948,52,男,新一线城市,2026-08-23,5
U00949,23,女,三线及以下,2024-02-06,4
U00950,23,男,一线城市,2025-08-30,4
U00951,25,女,一线城市,2025-05-28,0
U00952,28,男,三线及以下,2024-11-01,5
U00953,39,男,新一线城市,2026-03-30,3
U00954,20,男,二线城市,2025-11-27,3
U00955,21,女,二线城市,2026-08-04,6
U00956,28,男,三线及以下,2025-10-15,3
U00957,26,女,新一线城市,2026-01-27,4
U00958,23,男,二线城市,2026-08-28,3
U00959,23,女,三线及以下,2025-08-12,3
U00960,20,女,三线及以下,2026-09-08,4
U00961,21,男,二线城市,2025-06-18,5
U00962,19,女,二线城市,2025-12-28,3
U00963,31,女,二线城市,2026-07-05,5
U00964,41,男,新一线城市,2024-01-11,5
U00965,24,男,新一线城市,2025-07-23,0
U00966,25,男,三线及以下,2023-12-09,2
U00967,31,女,三线及以下,2024-04-07,0
U00968,25,女,二线城市,2024-01-29,2
U00969,30,女,新一线城市,2025-03-01,5
U00970,28,男,一线城市,2026-06-03,2
U00971,22,男,新一线城市,2025-05-24,3
U00972,22,女,一线城市,2026-04-22,2
U00973,34,男,二线城市,2026-09-01,3
U00974,29,男,二线城市,2026-07-14,4
U00975,28,女,三线及以下,2025-03-26,2
U00976,22,女,新一线城市,2024-10-16,6
U00977,31,男,二线城市,2026-01-24,6
U00978,19,女,二线城市,2026-02-24,5
U00979,31,男,二线城市,2025-10-10,3
U00980,26,男,二线城市,2025-09-22,2
U00981,24,女,二线城市,2026-09-03,4
U00982,28,女,三线及以下,2024-11-13,2
U00983,40,男,新一线城市,2026-05-26,4
U00984,29,女,新一线城市,2026-09-08,2
U00985,18,男,三线及以下,2026-09-08,3
U00986,49,男,新一线城市,2025-12-13,0
U00987,20,女,二线城市,2025-04-03,4
U00988,18,女,新一线城市,2026-09-08,3
U00989,20,女,一线城市,2026-08-15,1
U00990,54,女,一线城市,2024-12-30,3
U00991,22,女,一线城市,2025-12-05,5
U00992,37,女,一线城市,2026-09-09,1
U00993,22,男,二线城市,2026-07-29,0
U00994,52,女,一线城市,2026-06-17,3
U00995,23,女,一线城市,2025-11-03,1
U00996,35,男,新一线城市,2025-10-15,6
U00997,23,女,新一线城市,2025-01-15,6
U00998,34,女,二线城市,2025-04-05,3
U00999,23,女,二线城市,2024-07-26,4
U01000,33,男,三线及以下,2026-07-05,2
