video_id,up_id,category,publish_date,duration
V00001,C0162,动画,2026-05-15,1913
V00002,C0026,科技,2026-07-15,1540
V00003,C0078,动画,2026-07-31,1797
V00004,C0142,音乐,2026-08-19,410
V00005,C0143,娱乐,2026-09-03,343
V00006,C0135,影视,2026-07-05,3718
V00007,C0006,动画,2026-05-20,884
V00008,C0083,影视,2026-07-28,3813
V00009,C0158,科技,2026-06-09,1038
V00010,C0026,科技,2026-08-22,825
V00011,C0009,影视,2026-08-24,3026
V00012,C0099,知识,2026-06-17,1836
V00013,C0045,知识,2026-07-02,1804
V00014,C0130,生活,2026-07-20,613
V00015,C0017,娱乐,2026-07-28,194
V00016,C0175,生活,2026-07-09,811
V00017,C0167,生活,2026-08-14,676
V00018,C0082,娱乐,2026-08-21,351
V00019,C0178,音乐,2026-06-21,334
V00020,C0117,动画,2026-09-04,1277
V00021,C0016,影视,2026-07-07,1890
V00022,C0004,生活,2026-06-01,887
V00023,C0078,音乐,2026-06-03,302
V00024,C0141,音乐,2026-08-29,198
V00025,C0070,游戏,2026-07-19,2221
V00026,C0080,动画,2026-05-13,1750
V00027,C0014,知识,2026-08-03,2081
V00028,C0082,影视,2026-09-04,3291
V00029,C0161,知识,2026-08-12,1398
V00030,C0137,游戏,2026-07-20,1257
V00031,C0149,知识,2026-08-04,2660
V00032,C0144,生活,2026-06-24,677
V00033,C0131,知识,2026-06-19,1130
V00034,C0094,动画,2026-06-08,1139
V00035,C0025,科技,2026-08-22,847
V00036,C0022,娱乐,2026-06-11,201
V00037,C0094,生活,2026-08-18,592
V00038,C0084,影视,2026-08-02,3888
V00039,C0022,知识,2026-05-19,2578
V00040,C0076,影视,2026-07-15,3878
V00041,C0010,生活,2026-08-06,724
V00042,C0061,娱乐,2026-08-15,274
V00043,C0047,动画,2026-07-14,1096
V00044,C0015,影视,2026-07-10,2818
V00045,C0138,娱乐,2026-09-01,272
V00046,C0144,动画,2026-07-13,1854
V00047,C0059,动画,2026-05-17,1054
V00048,C0018,游戏,2026-07-10,1417
V00049,C0064,动画,2026-09-05,1418
V00050,C0002,知识,2026-05-14,1511
V00051,C0047,动画,2026-06-16,1521
V00052,C0113,游戏,2026-07-04,1428
V00053,C0127,动画,2026-08-16,1525
V00054,C0020,音乐,2026-07-08,406
V00055,C0001,影视,2026-09-10,2887
V00056,C0080,知识,2026-06-02,1935
V00057,C0138,娱乐,2026-05-28,335
V00058,C0045,生活,2026-08-11,617
V00059,C0121,动画,2026-06-20,1828
V00060,C0076,娱乐,2026-06-24,364
V00061,C0080,动画,2026-05-28,1547
V00062,C0020,音乐,2026-07-13,336
V00063,C0065,娱乐,2026-08-17,207
V00064,C0076,生活,2026-09-05,738
V00065,C0017,影视,2026-07-06,3792
V00066,C0016,生活,2026-05-28,828
V00067,C0120,科技,2026-07-13,823
V00068,C0023,娱乐,2026-06-09,368
V00069,C0169,知识,2026-08-25,1499
V00070,C0050,知识,2026-06-05,1766
V00071,C0077,游戏,2026-07-13,990
V00072,C0164,知识,2026-06-25,2562
V00073,C0135,科技,2026-06-29,1174
V00074,C0080,音乐,2026-09-08,218
V00075,C0092,知识,2026-08-08,1083
V00076,C0080,科技,2026-05-15,1576
V00077,C0013,娱乐,2026-06-30,408
V00078,C0089,知识,2026-05-30,2553
V00079,C0012,音乐,2026-06-14,336
V00080,C0144,音乐,2026-05-30,211
V00081,C0053,生活,2026-06-21,625
V00082,C0139,影视,2026-08-03,2034
V00083,C0061,影视,2026-06-06,2389
V00084,C0006,音乐,2026-06-14,387
V00085,C0017,动画,2026-08-05,1176
V00086,C0109,科技,2026-05-20,791
V00087,C0086,游戏,2026-06-23,1567
V00088,C0079,科技,2026-07-20,1534
V00089,C0115,动画,2026-07-23,1875
V00090,C0010,游戏,2026-07-31,1155
V00091,C0005,生活,2026-05-24,583
V00092,C0073,知识,2026-07-01,2326
V00093,C0087,生活,2026-08-24,581
V00094,C0078,影视,2026-06-30,3067
V00095,C0100,知识,2026-06-02,2115
V00096,C0047,音乐,2026-08-24,241
V00097,C0130,游戏,2026-07-11,974
V00098,C0069,科技,2026-05-30,1643
V00099,C0050,生活,2026-09-05,589
V00100,C0093,娱乐,2026-07-30,417
V00101,C0141,娱乐,2026-08-29,207
V00102,C0034,科技,2026-08-11,1490
V00103,C0083,娱乐,2026-05-30,370
V00104,C0114,游戏,2026-06-18,2163
V00105,C0059,动画,2026-09-05,1912
V00106,C0035,游戏,2026-07-19,1799
V00107,C0038,知识,2026-06-12,1758
V00108,C0059,动画,2026-09-10,1066
V00109,C0056,影视,2026-05-19,2593
V00110,C0161,音乐,2026-06-08,412
V00111,C0083,科技,2026-09-07,1582
V00112,C0100,知识,2026-08-30,1731
V00113,C0142,生活,2026-06-19,639
V00114,C0177,动画,2026-06-22,1126
V00115,C0103,音乐,2026-08-21,354
V00116,C0158,科技,2026-07-07,1086
V00117,C0138,游戏,2026-07-17,1881
V00118,C0007,生活,2026-07-16,855
V00119,C0095,科技,2026-06-01,1125
V00120,C0100,生活,2026-05-18,651
V00121,C0059,娱乐,2026-06-15,303
V00122,C0036,影视,2026-08-12,2210
V00123,C0140,游戏,2026-05-23,1897
V00124,C0085,动画,2026-07-08,1205
V00125,C0127,生活,2026-07-18,863
V00126,C0153,动画,2026-05-21,1667
V00127,C0047,生活,2026-09-04,729
V00128,C0090,科技,2026-06-03,1136
V00129,C0180,音乐,2026-06-30,325
V00130,C0166,娱乐,2026-08-26,380
V00131,C0140,游戏,2026-08-28,1981
V00132,C0006,影视,2026-08-29,2209
V00133,C0039,生活,2026-07-04,879
V00134,C0120,影视,2026-06-27,1717
V00135,C0013,影视,2026-06-02,1818
V00136,C0031,动画,2026-06-18,1283
V00137,C0062,游戏,2026-06-01,1974
V00138,C0135,影视,2026-06-07,2815
V00139,C0155,游戏,2026-06-09,1774
V00140,C0164,科技,2026-06-27,1222
V00141,C0079,游戏,2026-08-12,1985
V00142,C0118,生活,2026-08-23,843
V00143,C0149,游戏,2026-09-07,1680
V00144,C0033,动画,2026-08-13,1002
V00145,C0047,游戏,2026-06-15,2168
V00146,C0179,动画,2026-07-08,1317
V00147,C0022,音乐,2026-07-05,300
V00148,C0166,娱乐,2026-06-04,430
V00149,C0033,生活,2026-06-08,368
V00150,C0077,科技,2026-07-10,1113
V00151,C0095,音乐,2026-07-19,238
V00152,C0087,科技,2026-08-22,1032
V00153,C0035,娱乐,2026-08-04,198
V00154,C0065,娱乐,2026-05-27,302
V00155,C0110,动画,2026-08-21,1396
V00156,C0163,动画,2026-07-18,2094
V00157,C0150,影视,2026-07-30,3844
V00158,C0015,游戏,2026-06-30,1934
V00159,C0004,影视,2026-08-25,2362
V00160,C0093,游戏,2026-07-02,1059
V00161,C0045,生活,2026-07-08,783
V00162,C0081,影视,2026-09-10,2193
V00163,C0114,游戏,2026-07-30,2033
V00164,C0066,生活,2026-07-15,744
V00165,C0030,知识,2026-06-14,2209
V00166,C0167,游戏,2026-06-14,1690
V00167,C0131,影视,2026-05-18,2330
V00168,C0179,游戏,2026-08-16,1405
V00169,C0085,游戏,2026-05-28,2033
V00170,C0093,动画,2026-05-26,1667
V00171,C0030,音乐,2026-08-13,439
V00172,C0124,音乐,2026-07-30,235
V00173,C0157,生活,2026-07-13,752
V00174,C0023,娱乐,2026-06-04,300
V00175,C0135,知识,2026-07-23,1714
V00176,C0040,游戏,2026-07-26,2209
V00177,C0051,娱乐,2026-07-15,317
V00178,C0054,娱乐,2026-07-10,345
V00179,C0107,科技,2026-08-24,1332
V00180,C0141,知识,2026-09-02,1577
V00181,C0013,娱乐,2026-09-01,438
V00182,C0102,动画,2026-08-27,933
V00183,C0127,音乐,2026-05-14,347
V00184,C0079,音乐,2026-07-07,222
V00185,C0086,科技,2026-07-21,843
V00186,C0135,影视,2026-06-08,2737
V00187,C0088,音乐,2026-07-02,421
V00188,C0179,娱乐,2026-08-12,289
V00189,C0087,知识,2026-08-31,1250
V00190,C0053,生活,2026-08-27,695
V00191,C0151,知识,2026-08-18,2458
V00192,C0145,知识,2026-05-20,2615
V00193,C0017,音乐,2026-06-28,450
V00194,C0053,游戏,2026-05-15,1388
V00195,C0044,音乐,2026-05-25,401
V00196,C0086,音乐,2026-05-29,400
V00197,C0146,影视,2026-06-22,3071
V00198,C0131,动画,2026-06-11,2153
V00199,C0020,娱乐,2026-06-29,263
V00200,C0072,音乐,2026-08-18,429
V00201,C0111,娱乐,2026-09-05,390
V00202,C0028,科技,2026-08-31,1524
V00203,C0012,影视,2026-09-07,3227
V00204,C0014,音乐,2026-07-19,330
V00205,C0071,音乐,2026-06-14,342
V00206,C0158,游戏,2026-09-02,1956
V00207,C0040,影视,2026-05-21,2836
V00208,C0027,影视,2026-06-19,3055
V00209,C0115,游戏,2026-08-08,1602
V00210,C0180,知识,2026-06-16,2519
V00211,C0041,科技,2026-05-26,788
V00212,C0043,知识,2026-08-14,2410
V00213,C0100,影视,2026-05-18,3003
V00214,C0072,动画,2026-06-05,1951
V00215,C0106,娱乐,2026-08-09,371
V00216,C0174,游戏,2026-09-09,1768
V00217,C0175,动画,2026-07-26,1057
V00218,C0024,知识,2026-07-18,1799
V00219,C0098,音乐,2026-05-28,262
V00220,C0147,音乐,2026-06-13,228
V00221,C0113,影视,2026-08-28,2406
V00222,C0015,游戏,2026-06-03,1153
V00223,C0167,科技,2026-06-18,1183
V00224,C0099,游戏,2026-07-11,1545
V00225,C0128,影视,2026-09-04,2884
V00226,C0035,音乐,2026-08-29,285
V00227,C0067,音乐,2026-08-30,447
V00228,C0086,游戏,2026-05-31,1610
V00229,C0083,动画,2026-08-04,1122
V00230,C0136,生活,2026-05-13,615
V00231,C0077,音乐,2026-07-24,258
V00232,C0080,动画,2026-08-19,1928
V00233,C0114,动画,2026-06-09,2149
V00234,C0171,影视,2026-09-01,2697
V00235,C0065,生活,2026-06-18,465
V00236,C0120,知识,2026-06-01,1095
V00237,C0112,影视,2026-08-26,2182
V00238,C0058,音乐,2026-08-25,291
V00239,C0020,生活,2026-07-09,863
V00240,C0094,游戏,2026-07-13,1746
V00241,C0089,知识,2026-07-29,2395
V00242,C0124,音乐,2026-08-02,280
V00243,C0135,生活,2026-09-10,872
V00244,C0070,影视,2026-06-19,2364
V00245,C0146,音乐,2026-09-05,298
V00246,C0137,娱乐,2026-06-15,186
V00247,C0148,知识,2026-09-09,1351
V00248,C0099,音乐,2026-06-04,335
V00249,C0028,科技,2026-07-11,848
V00250,C0002,音乐,2026-05-24,206
V00251,C0134,知识,2026-06-11,2249
V00252,C0128,影视,2026-07-01,2470
V00253,C0051,影视,2026-08-30,3860
V00254,C0005,知识,2026-05-31,2347
V00255,C0083,影视,2026-07-18,3593
V00256,C0106,生活,2026-07-21,411
V00257,C0022,动画,2026-08-06,1572
V00258,C0092,科技,2026-05-16,1370
V00259,C0128,知识,2026-08-27,2236
V00260,C0029,科技,2026-06-01,740
V00261,C0103,动画,2026-06-12,1141
V00262,C0014,知识,2026-07-31,1974
V00263,C0101,娱乐,2026-07-02,410
V00264,C0066,影视,2026-06-17,2200
V00265,C0046,科技,2026-08-16,764
V00266,C0055,科技,2026-08-27,1596
V00267,C0058,知识,2026-08-09,1287
V00268,C0079,知识,2026-07-07,2130
V00269,C0148,生活,2026-06-25,795
V00270,C0014,动画,2026-08-11,1599
V00271,C0086,游戏,2026-09-02,1415
V00272,C0025,科技,2026-07-03,1685
V00273,C0084,知识,2026-07-29,2333
V00274,C0103,音乐,2026-08-26,296
V00275,C0093,知识,2026-09-08,2589
V00276,C0033,知识,2026-09-09,2406
V00277,C0044,音乐,2026-07-22,350
V00278,C0133,动画,2026-07-21,1071
V00279,C0013,动画,2026-07-05,872
V00280,C0075,娱乐,2026-09-02,343
V00281,C0131,知识,2026-07-19,2678
V00282,C0094,知识,2026-06-14,1763
V00283,C0178,音乐,2026-09-01,223
V00284,C0045,音乐,2026-05-24,283
V00285,C0151,音乐,2026-08-12,320
V00286,C0056,动画,2026-06-13,1488
V00287,C0170,娱乐,2026-08-17,241
V00288,C0010,音乐,2026-08-17,447
V00289,C0173,游戏,2026-07-11,1033
V00290,C0080,游戏,2026-06-26,1890
V00291,C0044,生活,2026-07-29,589
V00292,C0122,科技,2026-06-03,1648
V00293,C0096,生活,2026-08-05,430
V00294,C0023,影视,2026-06-14,2955
V00295,C0013,生活,2026-06-20,535
V00296,C0010,动画,2026-06-21,1543
V00297,C0026,音乐,2026-07-08,198
V00298,C0078,科技,2026-06-06,1416
V00299,C0166,知识,2026-09-09,1108
V00300,C0082,娱乐,2026-08-10,220
V00301,C0011,音乐,2026-06-14,324
V00302,C0037,娱乐,2026-06-03,424
V00303,C0019,娱乐,2026-08-12,198
V00304,C0176,娱乐,2026-06-02,347
V00305,C0083,娱乐,2026-05-31,315
V00306,C0003,科技,2026-05-16,1690
V00307,C0120,影视,2026-07-05,2435
V00308,C0008,音乐,2026-07-11,198
V00309,C0059,科技,2026-06-21,779
V00310,C0170,动画,2026-08-27,883
V00311,C0160,知识,2026-07-20,1192
V00312,C0120,生活,2026-08-30,456
V00313,C0079,娱乐,2026-08-05,398
V00314,C0046,科技,2026-07-30,901
V00315,C0039,影视,2026-08-16,3757
V00316,C0168,音乐,2026-08-04,252
V00317,C0175,生活,2026-06-01,525
V00318,C0047,娱乐,2026-07-28,292
V00319,C0003,知识,2026-06-18,2318
V00320,C0126,音乐,2026-05-22,397
V00321,C0022,生活,2026-05-20,466
V00322,C0050,科技,2026-07-10,1569
V00323,C0155,娱乐,2026-06-16,236
V00324,C0127,音乐,2026-07-27,196
V00325,C0067,娱乐,2026-05-24,186
V00326,C0111,娱乐,2026-08-17,253
V00327,C0032,动画,2026-09-03,2100
V00328,C0116,游戏,2026-07-30,1741
V00329,C0129,生活,2026-08-26,423
V00330,C0060,游戏,2026-05-28,1687
V00331,C0097,动画,2026-07-25,912
V00332,C0061,娱乐,2026-06-03,329
V00333,C0031,知识,2026-05-25,1667
V00334,C0089,娱乐,2026-06-07,201
V00335,C0125,科技,2026-07-10,775
V00336,C0008,科技,2026-06-04,1166
V00337,C0055,娱乐,2026-05-13,310
V00338,C0113,生活,2026-08-08,860
V00339,C0155,动画,2026-08-07,1948
V00340,C0017,科技,2026-07-19,1349
V00341,C0101,音乐,2026-06-10,270
V00342,C0130,游戏,2026-07-21,929
V00343,C0050,动画,2026-05-28,1071
V00344,C0107,娱乐,2026-08-01,277
V00345,C0084,娱乐,2026-06-03,205
V00346,C0106,娱乐,2026-07-23,199
V00347,C0080,影视,2026-08-22,2288
V00348,C0143,生活,2026-07-10,707
V00349,C0113,游戏,2026-08-07,934
V00350,C0004,生活,2026-09-08,854
V00351,C0139,影视,2026-05-29,1678
V00352,C0150,生活,2026-09-02,668
V00353,C0071,娱乐,2026-08-16,272
V00354,C0127,娱乐,2026-08-06,260
V00355,C0134,游戏,2026-06-07,1947
V00356,C0082,动画,2026-06-05,1478
V00357,C0073,动画,2026-07-25,1619
V00358,C0023,游戏,2026-07-08,2138
V00359,C0177,生活,2026-08-17,740
V00360,C0176,影视,2026-08-03,3546
V00361,C0034,科技,2026-07-21,1754
V00362,C0025,音乐,2026-08-05,200
V00363,C0068,音乐,2026-07-06,323
V00364,C0124,游戏,2026-08-18,1459
V00365,C0101,科技,2026-06-30,1748
V00366,C0028,生活,2026-08-02,675
V00367,C0007,娱乐,2026-07-20,237
V00368,C0141,娱乐,2026-08-25,241
V00369,C0139,知识,2026-09-09,1839
V00370,C0159,影视,2026-08-20,2273
V00371,C0126,游戏,2026-07-02,1282
V00372,C0098,知识,2026-06-14,2447
V00373,C0074,动画,2026-07-11,945
V00374,C0150,科技,2026-06-11,848
V00375,C0054,科技,2026-05-24,1133
V00376,C0035,科技,2026-07-19,1436
V00377,C0089,音乐,2026-07-03,395
V00378,C0024,动画,2026-05-14,1214
V00379,C0095,动画,2026-06-08,1895
V00380,C0137,游戏,2026-08-04,1661
V00381,C0172,知识,2026-08-20,1250
V00382,C0047,知识,2026-08-15,1914
V00383,C0059,音乐,2026-05-31,215
V00384,C0071,游戏,2026-07-21,1080
V00385,C0053,音乐,2026-07-09,290
V00386,C0156,音乐,2026-08-05,312
V00387,C0010,影视,2026-08-11,2974
V00388,C0083,知识,2026-05-23,1637
V00389,C0129,音乐,2026-07-21,207
V00390,C0175,影视,2026-06-23,2187
V00391,C0116,游戏,2026-08-23,1651
V00392,C0146,生活,2026-06-21,700
V00393,C0136,娱乐,2026-05-19,254
V00394,C0155,音乐,2026-07-09,369
V00395,C0136,娱乐,2026-07-26,406
V00396,C0036,影视,2026-09-07,3506
V00397,C0158,娱乐,2026-05-30,335
V00398,C0042,娱乐,2026-08-25,303
V00399,C0008,生活,2026-05-15,665
V00400,C0162,科技,2026-09-08,1581
V00401,C0021,知识,2026-07-26,1336
V00402,C0113,影视,2026-09-06,4022
V00403,C0170,娱乐,2026-09-01,195
V00404,C0013,知识,2026-09-09,2432
V00405,C0043,音乐,2026-06-20,364
V00406,C0015,音乐,2026-08-06,392
V00407,C0175,科技,2026-08-09,1442
V00408,C0099,音乐,2026-05-15,307
V00409,C0074,科技,2026-06-20,1235
V00410,C0070,影视,2026-06-03,3911
V00411,C0053,影视,2026-06-11,4005
V00412,C0095,音乐,2026-08-11,246
V00413,C0090,音乐,2026-09-08,339
V00414,C0087,娱乐,2026-08-23,414
V00415,C0124,游戏,2026-07-28,1744
V00416,C0089,娱乐,2026-05-28,301
V00417,C0065,娱乐,2026-07-27,336
V00418,C0022,影视,2026-06-30,2194
V00419,C0030,科技,2026-05-22,732
V00420,C0088,生活,2026-08-23,441
V00421,C0175,音乐,2026-06-20,244
V00422,C0053,游戏,2026-08-26,1687
V00423,C0124,音乐,2026-08-26,449
V00424,C0063,音乐,2026-07-20,354
V00425,C0167,生活,2026-06-17,613
V00426,C0098,科技,2026-07-17,979
V00427,C0113,知识,2026-06-18,2327
V00428,C0180,科技,2026-08-24,1579
V00429,C0027,生活,2026-07-02,587
V00430,C0021,生活,2026-08-11,866
V00431,C0156,科技,2026-07-23,1525
V00432,C0130,生活,2026-09-08,582
V00433,C0115,影视,2026-08-15,1811
V00434,C0090,音乐,2026-08-08,376
V00435,C0178,影视,2026-05-17,3948
V00436,C0005,游戏,2026-05-29,2097
V00437,C0057,动画,2026-07-04,2053
V00438,C0174,音乐,2026-07-26,274
V00439,C0149,科技,2026-05-20,1729
V00440,C0127,科技,2026-05-27,864
V00441,C0102,科技,2026-06-29,1653
V00442,C0043,音乐,2026-07-13,286
V00443,C0002,科技,2026-06-19,1099
V00444,C0160,娱乐,2026-08-03,364
V00445,C0032,娱乐,2026-06-08,349
V00446,C0075,动画,2026-07-31,1335
V00447,C0005,影视,2026-09-01,3633
V00448,C0001,科技,2026-05-22,1782
V00449,C0126,游戏,2026-06-08,2151
V00450,C0093,游戏,2026-08-19,1698
V00451,C0023,知识,2026-08-10,1749
V00452,C0125,知识,2026-07-30,2524
V00453,C0054,影视,2026-06-29,2181
V00454,C0130,游戏,2026-09-04,1187
V00455,C0139,科技,2026-08-19,774
V00456,C0083,游戏,2026-08-23,1683
V00457,C0090,动画,2026-08-10,1361
V00458,C0079,游戏,2026-05-15,1828
V00459,C0013,影视,2026-06-07,3703
V00460,C0091,音乐,2026-08-31,406
V00461,C0114,娱乐,2026-06-30,260
V00462,C0143,科技,2026-07-05,1151
V00463,C0179,科技,2026-06-09,1786
V00464,C0073,科技,2026-07-21,1029
V00465,C0066,游戏,2026-08-28,1093
V00466,C0114,游戏,2026-08-02,1594
V00467,C0171,科技,2026-05-14,1603
V00468,C0039,动画,2026-08-19,1128
V00469,C0091,动画,2026-06-17,1651
V00470,C0155,动画,2026-05-29,1529
V00471,C0116,娱乐,2026-05-27,257
V00472,C0115,动画,2026-06-11,1491
V00473,C0146,动画,2026-07-13,1063
V00474,C0149,音乐,2026-08-26,279
V00475,C0026,动画,2026-06-12,1728
V00476,C0149,知识,2026-06-18,1684
V00477,C0168,音乐,2026-07-14,448
V00478,C0038,游戏,2026-09-08,1235
V00479,C0045,科技,2026-06-24,1541
V00480,C0070,知识,2026-07-01,2691
V00481,C0060,动画,2026-09-02,1682
V00482,C0052,知识,2026-06-08,2138
V00483,C0003,娱乐,2026-05-19,443
V00484,C0099,科技,2026-05-31,1247
V00485,C0063,科技,2026-06-14,1265
V00486,C0089,知识,2026-06-23,2118
V00487,C0038,生活,2026-07-07,738
V00488,C0003,游戏,2026-06-26,1187
V00489,C0024,娱乐,2026-09-09,278
V00490,C0100,影视,2026-07-02,3752
V00491,C0099,知识,2026-06-23,1894
V00492,C0061,生活,2026-08-01,578
V00493,C0055,动画,2026-08-05,1034
V00494,C0156,生活,2026-07-20,462
V00495,C0086,影视,2026-06-06,3048
V00496,C0014,影视,2026-06-17,3196
V00497,C0063,知识,2026-07-31,2589
V00498,C0104,游戏,2026-06-07,1379
V00499,C0076,游戏,2026-07-30,2026
V00500,C0116,动画,2026-06-13,2087
V00501,C0091,动画,2026-09-08,1375
V00502,C0047,动画,2026-08-02,1610
V00503,C0088,动画,2026-08-29,1039
V00504,C0112,动画,2026-07-23,893
V00505,C0063,生活,2026-09-10,772
V00506,C0172,音乐,2026-08-08,432
V00507,C0139,生活,2026-09-03,867
V00508,C0028,娱乐,2026-07-25,235
V00509,C0065,影视,2026-07-16,3895
V00510,C0119,娱乐,2026-06-03,329
V00511,C0035,科技,2026-07-23,1549
V00512,C0086,影视,2026-07-11,1774
V00513,C0154,娱乐,2026-07-03,253
V00514,C0063,娱乐,2026-06-08,239
V00515,C0125,生活,2026-07-17,492
V00516,C0055,娱乐,2026-08-24,410
V00517,C0102,游戏,2026-08-28,941
V00518,C0156,音乐,2026-06-13,379
V00519,C0178,游戏,2026-08-20,1378
V00520,C0099,影视,2026-07-15,2970
V00521,C0120,动画,2026-09-06,987
V00522,C0007,娱乐,2026-07-16,190
V00523,C0106,动画,2026-08-17,1456
V00524,C0022,生活,2026-08-14,554
V00525,C0148,知识,2026-08-03,2354
V00526,C0173,游戏,2026-08-09,1049
V00527,C0147,科技,2026-09-05,1039
V00528,C0141,生活,2026-08-18,705
V00529,C0064,知识,2026-06-20,1610
V00530,C0096,知识,2026-05-20,2663
V00531,C0115,生活,2026-06-11,895
V00532,C0097,音乐,2026-09-01,307
V00533,C0106,影视,2026-07-21,3187
V00534,C0072,知识,2026-09-10,2618
V00535,C0067,游戏,2026-07-21,1577
V00536,C0106,科技,2026-08-18,1721
V00537,C0012,音乐,2026-07-31,348
V00538,C0110,科技,2026-08-01,1369
V00539,C0106,动画,2026-08-09,1360
V00540,C0166,动画,2026-07-30,2075
V00541,C0178,生活,2026-07-31,531
V00542,C0135,音乐,2026-07-24,206
V00543,C0094,游戏,2026-08-06,1680
V00544,C0050,游戏,2026-06-23,971
V00545,C0151,科技,2026-08-04,931
V00546,C0051,娱乐,2026-05-23,449
V00547,C0126,动画,2026-07-20,1346
V00548,C0002,生活,2026-05-25,490
V00549,C0099,生活,2026-06-11,750
V00550,C0126,知识,2026-08-02,1891
V00551,C0018,影视,2026-07-13,2981
V00552,C0139,音乐,2026-07-07,367
V00553,C0009,音乐,2026-05-18,400
V00554,C0003,娱乐,2026-09-06,315
V00555,C0126,娱乐,2026-05-21,370
V00556,C0106,知识,2026-05-25,1927
V00557,C0103,知识,2026-07-02,1399
V00558,C0006,知识,2026-07-14,2013
V00559,C0012,娱乐,2026-09-06,285
V00560,C0004,影视,2026-08-11,3932
V00561,C0063,生活,2026-08-13,747
V00562,C0057,娱乐,2026-08-26,337
V00563,C0110,科技,2026-07-15,1142
V00564,C0172,知识,2026-08-30,1865
V00565,C0048,音乐,2026-09-05,222
V00566,C0053,娱乐,2026-05-13,393
V00567,C0086,影视,2026-05-20,2893
V00568,C0099,知识,2026-07-29,2600
V00569,C0040,音乐,2026-06-22,373
V00570,C0173,音乐,2026-07-17,242
V00571,C0020,游戏,2026-09-05,1526
V00572,C0167,音乐,2026-08-07,419
V00573,C0026,影视,2026-09-10,1789
V00574,C0107,知识,2026-06-08,1532
V00575,C0131,生活,2026-08-27,388
V00576,C0108,知识,2026-07-20,1257
V00577,C0076,科技,2026-07-17,1188
V00578,C0002,生活,2026-07-14,439
V00579,C0023,科技,2026-07-07,1401
V00580,C0090,影视,2026-07-18,3078
V00581,C0079,影视,2026-07-09,3396
V00582,C0117,影视,2026-07-21,3908
V00583,C0120,动画,2026-07-06,1135
V00584,C0159,动画,2026-08-21,1577
V00585,C0057,音乐,2026-08-28,300
V00586,C0147,科技,2026-07-21,1520
V00587,C0113,音乐,2026-05-15,325
V00588,C0109,音乐,2026-09-01,373
V00589,C0035,生活,2026-06-15,759
V00590,C0012,娱乐,2026-06-30,200
V00591,C0089,科技,2026-07-09,1653
V00592,C0152,科技,2026-08-26,753
V00593,C0025,音乐,2026-05-13,288
V00594,C0132,娱乐,2026-07-13,281
V00595,C0089,科技,2026-07-25,1175
V00596,C0041,科技,2026-07-26,1469
V00597,C0045,知识,2026-09-07,2338
V00598,C0049,知识,2026-08-23,1818
V00599,C0076,动画,2026-06-19,1814
V00600,C0029,游戏,2026-07-10,1803
V00601,C0042,游戏,2026-06-23,1058
V00602,C0170,影视,2026-07-30,2634
V00603,C0128,动画,2026-06-21,911
V00604,C0003,动画,2026-09-04,1785
V00605,C0028,知识,2026-08-17,2000
V00606,C0141,知识,2026-07-28,2274
V00607,C0146,影视,2026-08-16,2657
V00608,C0167,动画,2026-06-03,2011
V00609,C0078,动画,2026-07-24,1179
V00610,C0118,知识,2026-05-21,1878
V00611,C0170,游戏,2026-07-21,2064
V00612,C0152,音乐,2026-05-25,324
V00613,C0086,游戏,2026-09-07,1871
V00614,C0176,知识,2026-06-15,1602
V00615,C0049,知识,2026-06-11,2613
V00616,C0140,生活,2026-07-31,896
V00617,C0130,动画,2026-09-03,1348
V00618,C0019,科技,2026-09-04,1427
V00619,C0174,音乐,2026-09-03,409
V00620,C0056,影视,2026-08-25,3604
V00621,C0004,影视,2026-07-26,1815
V00622,C0072,音乐,2026-05-19,421
V00623,C0036,生活,2026-07-14,673
V00624,C0103,游戏,2026-06-24,924
V00625,C0127,生活,2026-05-20,789
V00626,C0159,科技,2026-05-23,1672
V00627,C0146,娱乐,2026-07-31,401
V00628,C0121,知识,2026-07-25,2262
V00629,C0134,影视,2026-07-17,3970
V00630,C0143,娱乐,2026-07-19,293
V00631,C0131,影视,2026-07-11,2724
V00632,C0001,音乐,2026-05-31,218
V00633,C0049,游戏,2026-08-09,1760
V00634,C0002,游戏,2026-07-06,931
V00635,C0001,科技,2026-07-08,730
V00636,C0017,影视,2026-09-09,2733
V00637,C0083,科技,2026-05-23,1694
V00638,C0018,生活,2026-09-10,478
V00639,C0134,影视,2026-08-23,2315
V00640,C0147,生活,2026-06-08,630
V00641,C0161,动画,2026-08-10,1476
V00642,C0059,生活,2026-07-14,497
V00643,C0098,娱乐,2026-08-13,252
V00644,C0112,游戏,2026-07-26,935
V00645,C0172,娱乐,2026-05-25,400
V00646,C0077,娱乐,2026-07-13,431
V00647,C0079,娱乐,2026-07-04,317
V00648,C0168,生活,2026-09-10,753
V00649,C0121,动画,2026-08-21,1179
V00650,C0141,知识,2026-06-08,1508
V00651,C0011,音乐,2026-06-26,202
V00652,C0007,生活,2026-08-18,439
V00653,C0023,音乐,2026-07-14,446
V00654,C0044,科技,2026-08-01,727
V00655,C0108,科技,2026-05-16,1796
V00656,C0080,生活,2026-08-10,505
V00657,C0020,生活,2026-06-16,571
V00658,C0027,影视,2026-05-26,1831
V00659,C0120,动画,2026-08-29,1659
V00660,C0057,科技,2026-08-30,1003
V00661,C0071,娱乐,2026-08-01,425
V00662,C0113,知识,2026-06-23,2358
V00663,C0156,音乐,2026-06-25,213
V00664,C0127,游戏,2026-06-25,1483
V00665,C0016,娱乐,2026-08-18,204
V00666,C0005,音乐,2026-07-19,195
V00667,C0009,娱乐,2026-08-16,195
V00668,C0066,音乐,2026-06-10,425
V00669,C0175,游戏,2026-09-05,2092
V00670,C0111,游戏,2026-07-07,1760
V00671,C0107,游戏,2026-05-21,2022
V00672,C0057,游戏,2026-06-03,1592
V00673,C0059,生活,2026-05-15,593
V00674,C0025,音乐,2026-06-29,357
V00675,C0135,游戏,2026-08-11,2249
V00676,C0032,音乐,2026-06-11,284
V00677,C0021,知识,2026-05-15,2256
V00678,C0069,科技,2026-08-02,1417
V00679,C0178,动画,2026-06-14,1529
V00680,C0104,音乐,2026-07-10,385
V00681,C0083,影视,2026-07-05,3044
V00682,C0047,动画,2026-05-26,1332
V00683,C0162,游戏,2026-06-18,1199
V00684,C0155,音乐,2026-05-20,281
V00685,C0008,生活,2026-07-26,573
V00686,C0128,娱乐,2026-05-31,380
V00687,C0148,知识,2026-06-22,1521
V00688,C0119,影视,2026-05-18,3798
V00689,C0151,音乐,2026-08-06,306
V00690,C0161,生活,2026-08-09,890
V00691,C0025,音乐,2026-07-25,344
V00692,C0136,动画,2026-07-02,887
V00693,C0168,音乐,2026-08-24,350
V00694,C0017,科技,2026-07-11,1649
V00695,C0134,知识,2026-05-30,2251
V00696,C0178,影视,2026-07-03,3514
V00697,C0105,动画,2026-07-15,1825
V00698,C0177,娱乐,2026-06-03,322
V00699,C0094,音乐,2026-06-11,281
V00700,C0107,科技,2026-07-11,1145
V00701,C0098,影视,2026-05-26,1833
V00702,C0174,动画,2026-08-05,1393
V00703,C0116,娱乐,2026-09-08,226
V00704,C0118,知识,2026-07-18,1593
V00705,C0067,科技,2026-07-02,1444
V00706,C0004,动画,2026-05-13,1124
V00707,C0008,科技,2026-09-04,1497
V00708,C0025,动画,2026-07-31,2046
V00709,C0044,影视,2026-05-25,2592
V00710,C0057,音乐,2026-07-12,397
V00711,C0148,知识,2026-07-06,1505
V00712,C0167,娱乐,2026-05-14,446
V00713,C0027,科技,2026-06-13,726
V00714,C0105,游戏,2026-08-13,1176
V00715,C0013,游戏,2026-09-03,1267
V00716,C0157,动画,2026-07-13,1820
V00717,C0035,知识,2026-06-15,2350
V00718,C0171,生活,2026-09-07,584
V00719,C0153,生活,2026-06-09,825
V00720,C0077,科技,2026-09-08,793
V00721,C0132,影视,2026-07-13,2025
V00722,C0174,影视,2026-07-18,3175
V00723,C0071,生活,2026-08-09,702
V00724,C0127,生活,2026-08-09,581
V00725,C0116,音乐,2026-05-19,422
V00726,C0115,动画,2026-06-07,1738
V00727,C0092,动画,2026-07-24,1447
V00728,C0108,娱乐,2026-06-08,211
V00729,C0120,游戏,2026-07-16,2202
V00730,C0154,游戏,2026-06-25,1671
V00731,C0091,游戏,2026-08-17,2149
V00732,C0012,音乐,2026-05-19,187
V00733,C0056,影视,2026-07-30,1929
V00734,C0027,生活,2026-09-04,594
V00735,C0050,知识,2026-09-09,1901
V00736,C0051,动画,2026-06-10,1169
V00737,C0118,游戏,2026-06-12,1216
V00738,C0169,游戏,2026-05-22,1440
V00739,C0044,动画,2026-05-19,898
V00740,C0104,游戏,2026-08-04,2039
V00741,C0055,动画,2026-07-31,1142
V00742,C0078,动画,2026-07-21,892
V00743,C0140,动画,2026-07-26,1117
V00744,C0049,音乐,2026-05-31,396
V00745,C0074,动画,2026-08-16,1528
V00746,C0009,娱乐,2026-06-20,440
V00747,C0044,娱乐,2026-09-08,253
V00748,C0148,影视,2026-07-03,3001
V00749,C0107,娱乐,2026-07-25,378
V00750,C0153,影视,2026-07-15,1858
V00751,C0161,音乐,2026-07-21,422
V00752,C0091,知识,2026-08-04,2669
V00753,C0064,娱乐,2026-06-26,209
V00754,C0160,音乐,2026-06-11,235
V00755,C0089,科技,2026-07-30,1544
V00756,C0049,影视,2026-06-19,3738
V00757,C0087,动画,2026-07-20,1474
V00758,C0059,生活,2026-06-29,422
V00759,C0003,影视,2026-08-31,2339
V00760,C0056,知识,2026-07-29,2382
V00761,C0061,知识,2026-06-18,2283
V00762,C0066,科技,2026-08-15,1021
V00763,C0033,科技,2026-05-14,1347
V00764,C0035,游戏,2026-05-30,1898
V00765,C0025,音乐,2026-08-17,328
V00766,C0178,科技,2026-08-02,1056
V00767,C0126,游戏,2026-08-14,1689
V00768,C0121,知识,2026-08-25,1960
V00769,C0148,音乐,2026-07-20,424
V00770,C0046,生活,2026-08-16,645
V00771,C0145,游戏,2026-08-24,1746
V00772,C0163,游戏,2026-06-03,1481
V00773,C0023,娱乐,2026-07-08,238
V00774,C0017,娱乐,2026-07-24,448
V00775,C0139,音乐,2026-08-16,268
V00776,C0109,科技,2026-05-16,1627
V00777,C0071,影视,2026-06-14,2340
V00778,C0112,生活,2026-06-24,644
V00779,C0085,科技,2026-08-11,1673
V00780,C0058,影视,2026-08-01,3473
V00781,C0086,生活,2026-08-08,729
V00782,C0006,知识,2026-06-18,1663
V00783,C0101,知识,2026-08-27,2244
V00784,C0032,科技,2026-07-31,949
V00785,C0129,音乐,2026-08-30,231
V00786,C0119,影视,2026-08-15,3235
V00787,C0122,科技,2026-08-28,1183
V00788,C0154,知识,2026-08-21,1755
V00789,C0140,游戏,2026-06-02,1657
V00790,C0158,影视,2026-09-02,3704
V00791,C0113,娱乐,2026-06-23,248
V00792,C0046,娱乐,2026-05-29,203
V00793,C0010,科技,2026-07-24,1279
V00794,C0100,动画,2026-07-04,1379
V00795,C0018,音乐,2026-05-20,309
V00796,C0015,游戏,2026-09-08,1676
V00797,C0142,影视,2026-07-05,1642
V00798,C0065,影视,2026-07-18,3277
V00799,C0114,知识,2026-06-19,1718
V00800,C0177,动画,2026-08-18,1877
V00801,C0139,影视,2026-05-21,1757
V00802,C0134,知识,2026-09-07,1096
V00803,C0029,知识,2026-08-28,1968
V00804,C0050,科技,2026-05-22,983
V00805,C0031,动画,2026-06-11,1098
V00806,C0151,音乐,2026-05-27,417
V00807,C0028,娱乐,2026-07-14,315
V00808,C0125,影视,2026-07-31,2342
V00809,C0164,知识,2026-09-03,2105
V00810,C0170,科技,2026-08-23,1301
V00811,C0134,科技,2026-05-25,1640
V00812,C0137,娱乐,2026-07-27,378
V00813,C0149,影视,2026-07-13,3207
V00814,C0001,生活,2026-06-14,665
V00815,C0054,科技,2026-08-28,1008
V00816,C0173,影视,2026-08-12,3119
V00817,C0111,音乐,2026-06-04,335
V00818,C0160,生活,2026-07-18,397
V00819,C0083,游戏,2026-05-20,924
V00820,C0137,娱乐,2026-09-04,436
V00821,C0155,娱乐,2026-08-05,319
V00822,C0176,知识,2026-08-03,1544
V00823,C0032,娱乐,2026-09-08,207
V00824,C0170,知识,2026-06-30,2525
V00825,C0176,生活,2026-08-04,843
V00826,C0067,动画,2026-06-23,1129
V00827,C0032,生活,2026-06-09,878
V00828,C0125,娱乐,2026-05-27,395
V00829,C0110,影视,2026-08-08,3396
V00830,C0059,游戏,2026-09-03,1079
V00831,C0098,影视,2026-07-26,2711
V00832,C0035,游戏,2026-08-27,1267
V00833,C0161,动画,2026-06-26,1124
V00834,C0033,影视,2026-05-31,2057
V00835,C0064,游戏,2026-06-29,2193
V00836,C0157,知识,2026-06-14,2352
V00837,C0043,音乐,2026-05-21,394
V00838,C0022,游戏,2026-05-25,2214
V00839,C0095,动画,2026-06-06,1365
V00840,C0039,音乐,2026-07-19,245
V00841,C0156,生活,2026-07-04,481
V00842,C0067,音乐,2026-08-07,211
V00843,C0040,知识,2026-05-23,2323
V00844,C0051,游戏,2026-06-20,1538
V00845,C0026,影视,2026-07-02,3506
V00846,C0166,动画,2026-07-28,1577
V00847,C0009,动画,2026-07-15,1035
V00848,C0083,知识,2026-06-30,2183
V00849,C0053,生活,2026-05-22,867
V00850,C0123,知识,2026-08-21,2449
V00851,C0156,生活,2026-09-06,435
V00852,C0068,生活,2026-05-18,545
V00853,C0092,生活,2026-08-31,487
V00854,C0051,知识,2026-07-18,2081
V00855,C0179,生活,2026-07-27,464
V00856,C0092,音乐,2026-06-13,426
V00857,C0171,游戏,2026-07-12,1827
V00858,C0135,生活,2026-05-20,661
V00859,C0099,游戏,2026-07-31,1228
V00860,C0049,知识,2026-09-09,1151
V00861,C0171,游戏,2026-06-08,1360
V00862,C0179,影视,2026-07-11,3872
V00863,C0102,科技,2026-05-20,1171
V00864,C0018,生活,2026-07-03,568
V00865,C0039,科技,2026-06-02,1699
V00866,C0101,娱乐,2026-09-07,250
V00867,C0030,知识,2026-08-01,2690
V00868,C0058,娱乐,2026-08-28,293
V00869,C0177,知识,2026-06-25,1332
V00870,C0009,动画,2026-06-22,1652
V00871,C0064,游戏,2026-08-27,1120
V00872,C0167,影视,2026-08-15,3071
V00873,C0171,科技,2026-06-25,974
V00874,C0116,知识,2026-07-04,2660
V00875,C0127,影视,2026-07-18,3753
V00876,C0054,娱乐,2026-06-30,422
V00877,C0148,知识,2026-07-15,2691
V00878,C0051,生活,2026-08-14,424
V00879,C0091,娱乐,2026-09-10,423
V00880,C0088,科技,2026-07-14,1568
V00881,C0060,生活,2026-06-07,609
V00882,C0178,生活,2026-07-15,674
V00883,C0177,娱乐,2026-09-07,260
V00884,C0150,动画,2026-06-29,960
V00885,C0020,影视,2026-08-18,3371
V00886,C0052,游戏,2026-06-29,1151
V00887,C0159,娱乐,2026-07-29,273
V00888,C0057,知识,2026-08-20,1679
V00889,C0090,知识,2026-06-29,1727
V00890,C0091,知识,2026-08-06,2409
V00891,C0126,科技,2026-07-27,1328
V00892,C0010,动画,2026-07-21,1647
V00893,C0024,知识,2026-05-26,2610
V00894,C0032,娱乐,2026-07-31,411
V00895,C0131,影视,2026-07-22,3302
V00896,C0057,生活,2026-09-10,416
V00897,C0011,娱乐,2026-08-17,269
V00898,C0007,影视,2026-09-07,2143
V00899,C0012,动画,2026-08-06,1534
V00900,C0061,娱乐,2026-08-16,393
V00901,C0083,知识,2026-08-17,1240
V00902,C0164,音乐,2026-08-30,239
V00903,C0033,娱乐,2026-07-07,214
V00904,C0145,知识,2026-07-17,1424
V00905,C0165,生活,2026-06-29,845
V00906,C0176,科技,2026-06-25,1437
V00907,C0134,音乐,2026-05-21,396
V00908,C0134,动画,2026-07-13,1568
V00909,C0012,动画,2026-06-01,1534
V00910,C0105,游戏,2026-06-24,1086
V00911,C0008,游戏,2026-08-18,2208
V00912,C0162,音乐,2026-08-08,400
V00913,C0112,音乐,2026-05-13,240
V00914,C0129,影视,2026-08-31,2135
V00915,C0013,游戏,2026-06-15,1563
V00916,C0160,游戏,2026-05-29,1800
V00917,C0126,娱乐,2026-06-28,224
V00918,C0127,娱乐,2026-08-21,377
V00919,C0161,生活,2026-08-05,768
V00920,C0158,科技,2026-06-04,731
V00921,C0092,娱乐,2026-08-11,234
V00922,C0001,游戏,2026-05-24,1534
V00923,C0070,游戏,2026-07-25,1709
V00924,C0070,科技,2026-08-13,1319
V00925,C0153,音乐,2026-06-25,395
V00926,C0080,游戏,2026-06-06,1208
V00927,C0072,游戏,2026-06-15,1931
V00928,C0055,影视,2026-05-14,3774
V00929,C0151,科技,2026-07-18,1476
V00930,C0070,知识,2026-06-04,1185
V00931,C0094,科技,2026-07-01,1139
V00932,C0012,游戏,2026-08-02,1137
V00933,C0047,音乐,2026-07-28,377
V00934,C0130,音乐,2026-08-12,321
V00935,C0024,娱乐,2026-06-23,387
V00936,C0114,动画,2026-08-06,1243
V00937,C0175,游戏,2026-08-28,1373
V00938,C0092,游戏,2026-05-23,1188
V00939,C0163,科技,2026-08-25,771
V00940,C0176,游戏,2026-05-19,1901
V00941,C0048,生活,2026-06-11,482
V00942,C0095,科技,2026-06-12,768
V00943,C0168,影视,2026-05-19,3587
V00944,C0149,音乐,2026-07-21,288
V00945,C0025,影视,2026-05-17,3384
V00946,C0086,生活,2026-08-17,479
V00947,C0028,科技,2026-06-15,1062
V00948,C0002,娱乐,2026-08-26,289
V00949,C0043,科技,2026-06-18,1784
V00950,C0077,音乐,2026-07-14,395
V00951,C0071,知识,2026-07-12,2643
V00952,C0024,动画,2026-06-16,1499
V00953,C0018,音乐,2026-07-25,392
V00954,C0126,科技,2026-06-09,1507
V00955,C0029,生活,2026-06-26,825
V00956,C0134,生活,2026-06-30,553
V00957,C0159,音乐,2026-09-02,421
V00958,C0015,音乐,2026-06-17,211
V00959,C0071,音乐,2026-06-14,203
V00960,C0143,游戏,2026-09-09,2117
V00961,C0173,生活,2026-07-30,856
V00962,C0180,音乐,2026-06-01,257
V00963,C0055,动画,2026-05-18,1884
V00964,C0034,娱乐,2026-08-17,343
V00965,C0025,影视,2026-06-08,2725
V00966,C0076,动画,2026-06-30,2083
V00967,C0013,娱乐,2026-06-01,187
V00968,C0042,动画,2026-05-21,1802
V00969,C0022,影视,2026-07-20,3806
V00970,C0003,娱乐,2026-08-20,311
V00971,C0104,知识,2026-05-22,2388
V00972,C0035,游戏,2026-05-29,1568
V00973,C0092,生活,2026-05-25,695
V00974,C0053,娱乐,2026-06-17,252
V00975,C0064,娱乐,2026-08-05,284
V00976,C0138,音乐,2026-08-27,416
V00977,C0012,影视,2026-07-11,3796
V00978,C0098,生活,2026-07-05,808
V00979,C0032,科技,2026-08-18,1451
V00980,C0045,动画,2026-08-11,2080
V00981,C0095,科技,2026-06-22,1716
V00982,C0177,影视,2026-07-22,2183
V00983,C0145,音乐,2026-07-14,255
V00984,C0104,知识,2026-08-15,2662
V00985,C0054,科技,2026-06-05,1474
V00986,C0033,动画,2026-08-14,908
V00987,C0022,娱乐,2026-07-16,431
V00988,C0064,音乐,2026-09-03,424
V00989,C0038,知识,2026-06-12,2552
V00990,C0143,音乐,2026-05-26,319
V00991,C0126,影视,2026-05-15,2628
V00992,C0051,生活,2026-07-09,501
V00993,C0108,影视,2026-08-20,2949
V00994,C0074,影视,2026-07-22,2912
V00995,C0156,游戏,2026-05-31,1590
V00996,C0063,娱乐,2026-08-05,396
V00997,C0166,生活,2026-07-16,600
V00998,C0064,科技,2026-08-27,1095
V00999,C0138,娱乐,2026-09-04,204
V01000,C0053,音乐,2026-06-15,208
